user_id,risk_score,total_payments,taux_echec,has_stolen_card,has_fraud_reason,nb_plaintes,nb_self_complaints,prefix_flag,is_inactive,is_banned
690,100,9.0,0.4444444444444444,False,True,0.0,0.0,ok,True,True
852,100,18.0,0.3888888888888889,True,False,1.0,0.0,unknown,False,True
1502,100,3.0,0.3333333333333333,False,False,1.0,0.0,ok,False,True
717,100,13.0,0.3076923076923077,False,False,1.0,0.0,ok,True,True
461,100,5.0,0.4,False,False,1.0,0.0,ok,True,True
1491,100,0.0,0.0,False,False,0.0,0.0,ok,True,True
1132,100,21.0,0.2857142857142857,True,False,0.0,0.0,ok,True,True
897,100,7.0,0.14285714285714285,False,False,1.0,0.0,ok,True,True
658,100,15.0,0.2,True,False,0.0,0.0,mismatch,False,True
1579,71,2.0,0.5,True,True,2.0,1.0,ok,False,False
904,68,7.0,0.42857142857142855,True,True,1.0,0.0,country_not_mapped,True,False
1209,68,1.0,1.0,True,False,2.0,0.0,unknown,True,False
391,63,14.0,0.42857142857142855,True,False,1.0,0.0,mismatch,True,False
1554,63,8.0,0.5,True,True,0.0,0.0,ok,True,False
1496,62,15.0,0.2,True,True,0.0,0.0,mismatch,True,False
242,61,14.0,0.21428571428571427,True,True,2.0,0.0,ok,True,False
1774,61,3.0,1.0,True,False,0.0,0.0,country_not_mapped,True,False
1917,61,16.0,0.25,True,True,0.0,0.0,mismatch,False,False
842,61,1.0,1.0,True,False,0.0,0.0,unknown,True,False
1728,61,37.0,0.2972972972972973,True,True,1.0,0.0,unknown,False,False
617,60,5.0,0.4,True,True,0.0,0.0,ok,True,False
263,60,19.0,0.3157894736842105,True,True,0.0,0.0,unknown,True,False
1449,59,9.0,0.2222222222222222,True,True,1.0,0.0,ok,True,False
1271,58,1.0,1.0,True,False,0.0,0.0,ok,True,False
1518,58,1.0,1.0,True,False,0.0,0.0,ok,True,False
1257,58,14.0,0.42857142857142855,True,False,2.0,0.0,unknown,False,False
1357,56,6.0,0.6666666666666666,True,False,0.0,0.0,mismatch,True,False
1008,56,4.0,0.25,True,True,0.0,0.0,unknown,False,False
767,55,7.0,0.5714285714285714,True,False,2.0,0.0,country_not_mapped,True,False
1888,54,14.0,0.14285714285714285,True,False,1.0,0.0,mismatch,True,False
279,54,6.0,0.5,True,False,1.0,0.0,ok,False,False
620,53,16.0,0.5625,True,False,0.0,0.0,mismatch,True,False
667,53,18.0,0.2777777777777778,True,False,1.0,0.0,unknown,True,False
241,53,5.0,0.6,True,False,0.0,0.0,ok,False,False
230,53,5.0,0.6,True,False,2.0,0.0,ok,True,False
340,53,4.0,0.75,True,False,0.0,0.0,country_not_mapped,True,False
1973,53,33.0,0.18181818181818182,True,True,0.0,0.0,unknown,False,False
57,53,22.0,0.5,True,False,2.0,0.0,unknown,True,False
1151,52,12.0,0.3333333333333333,True,False,2.0,1.0,unknown,True,False
1204,52,7.0,0.42857142857142855,True,False,2.0,1.0,ok,True,False
1767,52,13.0,0.46153846153846156,True,False,4.0,0.0,unknown,False,False
1299,52,5.0,0.4,True,False,2.0,0.0,mismatch,False,False
847,52,7.0,0.42857142857142855,True,False,2.0,1.0,ok,True,False
538,51,17.0,0.5294117647058824,True,False,2.0,0.0,ok,True,False
135,51,18.0,0.1111111111111111,True,True,0.0,0.0,ok,True,False
500,51,14.0,0.5,True,False,2.0,1.0,ok,False,False
168,51,24.0,0.2916666666666667,True,False,1.0,0.0,ok,True,False
705,50,23.0,0.34782608695652173,True,False,1.0,0.0,mismatch,True,False
555,50,7.0,0.5714285714285714,True,False,1.0,1.0,ok,False,False
722,50,10.0,0.5,True,False,2.0,0.0,unknown,False,False
1512,49,5.0,0.8,True,False,0.0,0.0,ok,False,False
601,49,22.0,0.36363636363636365,True,False,3.0,0.0,ok,True,False
1194,49,12.0,0.25,True,False,0.0,0.0,unknown,True,False
635,49,13.0,0.3076923076923077,True,False,1.0,0.0,mismatch,True,False
1,48,2.0,1.0,False,False,2.0,0.0,mismatch,True,False
1577,48,4.0,0.25,True,False,1.0,0.0,mismatch,True,False
670,48,3.0,0.3333333333333333,True,False,3.0,0.0,ok,True,False
1705,48,25.0,0.4,True,False,0.0,0.0,mismatch,True,False
1272,48,18.0,0.3333333333333333,True,False,0.0,0.0,ok,True,False
58,48,4.0,0.5,True,False,0.0,0.0,mismatch,False,False
91,48,18.0,0.4444444444444444,True,False,1.0,0.0,country_not_mapped,True,False
636,47,1.0,1.0,False,False,3.0,1.0,unknown,False,False
1259,47,17.0,0.5294117647058824,True,False,0.0,0.0,unknown,True,False
1444,47,14.0,0.5,True,False,1.0,0.0,unknown,False,False
1031,47,8.0,0.5,True,False,1.0,0.0,ok,True,False
245,47,11.0,0.36363636363636365,True,False,1.0,1.0,ok,True,False
125,47,15.0,0.4666666666666667,True,False,0.0,0.0,mismatch,False,False
1609,47,5.0,0.4,True,False,0.0,0.0,ok,False,False
1677,47,10.0,0.3,True,False,0.0,0.0,ok,True,False
1656,47,11.0,0.5454545454545454,True,False,0.0,0.0,country_not_mapped,True,False
920,46,5.0,0.6,True,False,0.0,0.0,ok,True,False
1279,46,16.0,0.375,True,False,2.0,0.0,ok,True,False
1417,46,12.0,0.3333333333333333,True,False,0.0,0.0,mismatch,True,False
720,46,19.0,0.3684210526315789,True,False,1.0,0.0,unknown,True,False
1732,46,18.0,0.3888888888888889,False,True,2.0,1.0,ok,True,False
1035,46,7.0,0.42857142857142855,True,False,0.0,0.0,mismatch,False,False
1885,45,9.0,0.5555555555555556,True,False,0.0,0.0,ok,True,False
1788,45,11.0,0.2727272727272727,True,False,1.0,0.0,mismatch,False,False
1261,45,12.0,0.25,True,False,1.0,0.0,mismatch,False,False
294,45,13.0,0.46153846153846156,True,False,0.0,0.0,country_not_mapped,True,False
344,45,17.0,0.23529411764705882,True,False,0.0,0.0,ok,True,False
493,45,18.0,0.4444444444444444,True,False,2.0,0.0,ok,False,False
942,45,9.0,0.1111111111111111,True,False,1.0,0.0,ok,True,False
413,44,4.0,0.25,True,False,0.0,0.0,mismatch,True,False
716,44,7.0,0.2857142857142857,True,False,2.0,0.0,ok,True,False
1818,44,20.0,0.4,True,False,1.0,0.0,ok,True,False
1770,44,11.0,0.5454545454545454,True,False,0.0,0.0,unknown,False,False
446,44,19.0,0.21052631578947367,True,False,4.0,0.0,ok,True,False
316,43,8.0,0.5,True,False,0.0,0.0,ok,True,False
987,43,17.0,0.35294117647058826,True,False,1.0,0.0,unknown,False,False
487,43,2.0,0.5,True,False,0.0,0.0,unknown,False,False
105,43,8.0,0.375,True,False,1.0,0.0,ok,True,False
1393,43,18.0,0.3888888888888889,True,False,0.0,0.0,country_not_mapped,True,False
1573,43,1.0,1.0,False,False,2.0,0.0,unknown,True,False
1028,43,5.0,0.6,True,False,0.0,0.0,ok,False,False
1639,43,25.0,0.32,True,False,1.0,1.0,ok,False,False
798,42,6.0,0.5,False,True,2.0,0.0,ok,False,False
1915,42,17.0,0.35294117647058826,True,False,0.0,0.0,country_not_mapped,True,False
523,42,5.0,0.4,False,True,1.0,0.0,unknown,True,False
1239,42,9.0,0.3333333333333333,True,False,1.0,0.0,ok,True,False
1119,42,1.0,1.0,False,False,1.0,0.0,mismatch,False,False
456,41,16.0,0.25,False,True,3.0,0.0,ok,True,False
618,41,18.0,0.2777777777777778,True,False,0.0,0.0,mismatch,False,False
729,41,23.0,0.17391304347826086,True,False,0.0,0.0,mismatch,True,False
529,41,7.0,0.42857142857142855,True,False,0.0,0.0,ok,True,False
1242,40,7.0,0.2857142857142857,True,False,0.0,0.0,unknown,True,False
638,40,13.0,0.3076923076923077,True,False,0.0,0.0,country_not_mapped,True,False
510,40,7.0,0.2857142857142857,True,False,0.0,0.0,unknown,True,False
1282,40,16.0,0.5,True,False,0.0,0.0,ok,False,False
1464,40,1.0,1.0,False,False,2.0,0.0,ok,True,False
20,40,6.0,0.16666666666666666,True,False,2.0,0.0,ok,True,False
584,40,5.0,0.4,False,False,2.0,0.0,mismatch,True,False
965,40,11.0,0.18181818181818182,True,False,1.0,0.0,unknown,True,False
1114,40,23.0,0.30434782608695654,True,False,0.0,0.0,unknown,True,False
673,40,2.0,0.5,True,False,0.0,0.0,ok,False,False
1245,40,4.0,0.5,True,False,0.0,0.0,ok,False,False
1476,40,2.0,1.0,False,False,2.0,0.0,ok,True,False
1890,40,10.0,0.4,True,False,0.0,0.0,unknown,False,False
769,40,1.0,1.0,False,False,1.0,0.0,unknown,True,False
1222,40,16.0,0.3125,True,False,0.0,0.0,unknown,True,False
1015,40,7.0,0.42857142857142855,False,True,1.0,0.0,unknown,False,False
1977,40,1.0,1.0,False,False,1.0,0.0,country_not_mapped,True,False
1853,40,8.0,0.375,True,False,1.0,0.0,ok,False,False
1544,40,15.0,0.26666666666666666,True,False,1.0,0.0,ok,True,False
430,40,14.0,0.5,True,False,0.0,0.0,ok,False,False
389,39,12.0,0.25,True,False,0.0,0.0,unknown,True,False
443,39,9.0,0.2222222222222222,True,False,1.0,0.0,ok,True,False
1891,39,2.0,0.5,False,True,1.0,0.0,ok,False,False
734,39,9.0,0.3333333333333333,True,False,1.0,0.0,ok,False,False
1985,39,14.0,0.14285714285714285,True,False,1.0,0.0,unknown,True,False
1649,39,17.0,0.23529411764705882,True,False,1.0,0.0,ok,True,False
756,39,10.0,0.4,False,True,1.0,0.0,unknown,False,False
801,39,15.0,0.26666666666666666,True,False,0.0,0.0,unknown,True,False
1889,39,16.0,0.25,False,True,0.0,0.0,mismatch,True,False
634,39,22.0,0.13636363636363635,True,False,0.0,0.0,ok,False,False
1450,39,18.0,0.2777777777777778,True,False,0.0,0.0,unknown,True,False
1928,39,9.0,0.2222222222222222,True,False,1.0,0.0,ok,True,False
1629,39,16.0,0.125,True,False,2.0,0.0,ok,True,False
1201,38,9.0,0.3333333333333333,True,False,0.0,0.0,country_not_mapped,False,False
1370,38,18.0,0.3333333333333333,True,False,0.0,0.0,ok,True,False
1346,38,2.0,1.0,False,False,0.0,0.0,mismatch,False,False
1970,38,6.0,0.3333333333333333,True,False,0.0,0.0,ok,True,False
1231,38,4.0,0.5,False,False,3.0,0.0,unknown,False,False
228,38,21.0,0.3333333333333333,True,False,0.0,0.0,ok,True,False
1548,38,9.0,0.4444444444444444,True,False,0.0,0.0,ok,False,False
146,38,14.0,0.2857142857142857,True,False,1.0,0.0,ok,False,False
1032,38,30.0,0.2,True,False,1.0,0.0,ok,True,False
1702,38,30.0,0.23333333333333334,False,True,0.0,0.0,mismatch,True,False
175,37,5.0,0.2,True,False,0.0,0.0,unknown,True,False
233,37,14.0,0.2857142857142857,True,False,0.0,0.0,unknown,False,False
853,37,7.0,0.2857142857142857,True,False,0.0,0.0,unknown,False,False
1042,37,1.0,1.0,False,False,1.0,0.0,unknown,False,False
333,37,12.0,0.16666666666666666,True,False,1.0,0.0,ok,True,False
1402,37,7.0,0.2857142857142857,True,False,0.0,0.0,ok,True,False
1664,37,10.0,0.4,True,False,0.0,0.0,ok,False,False
1087,37,20.0,0.15,True,False,0.0,0.0,mismatch,False,False
1018,37,11.0,0.2727272727272727,True,False,1.0,0.0,ok,False,False
1481,37,6.0,0.16666666666666666,True,False,1.0,0.0,ok,True,False
1240,37,5.0,0.2,False,True,0.0,0.0,mismatch,True,False
946,37,17.0,0.4117647058823529,True,False,0.0,0.0,ok,False,False
1981,37,7.0,0.2857142857142857,True,False,0.0,0.0,ok,True,False
1691,37,15.0,0.26666666666666666,True,False,1.0,0.0,ok,False,False
360,37,15.0,0.26666666666666666,True,False,1.0,0.0,ok,False,False
1832,37,6.0,0.8333333333333334,False,False,1.0,0.0,mismatch,False,False
916,37,8.0,0.25,True,False,1.0,0.0,ok,False,False
1340,36,25.0,0.36,True,False,0.0,0.0,ok,False,False
981,36,16.0,0.375,True,False,0.0,0.0,ok,False,False
542,36,4.0,0.25,True,False,0.0,0.0,ok,True,False
93,36,30.0,0.26666666666666666,True,False,0.0,0.0,unknown,False,False
1273,36,21.0,0.38095238095238093,True,False,0.0,0.0,ok,False,False
1354,36,4.0,0.25,True,False,0.0,0.0,unknown,False,False
898,36,7.0,0.14285714285714285,False,True,1.0,0.0,mismatch,False,False
826,36,17.0,0.35294117647058826,False,False,2.0,0.0,mismatch,False,False
1463,36,7.0,0.42857142857142855,False,True,0.0,0.0,unknown,False,False
1400,36,19.0,0.2631578947368421,True,False,0.0,0.0,unknown,False,False
1601,36,8.0,0.125,True,False,1.0,0.0,ok,True,False
1073,36,11.0,0.2727272727272727,True,False,0.0,0.0,country_not_mapped,False,False
992,36,16.0,0.375,True,False,0.0,0.0,ok,False,False
1419,36,18.0,0.2777777777777778,True,False,0.0,0.0,unknown,False,False
1480,36,12.0,0.25,True,False,0.0,0.0,ok,True,False
947,36,16.0,0.25,True,False,0.0,0.0,ok,True,False
464,35,4.0,0.5,False,False,1.0,0.0,unknown,True,False
1733,35,12.0,0.25,False,True,1.0,0.0,ok,True,False
284,35,12.0,0.3333333333333333,True,False,0.0,0.0,ok,False,False
1163,35,9.0,0.2222222222222222,True,False,0.0,0.0,unknown,False,False
1543,35,12.0,0.5,False,True,0.0,0.0,ok,False,False
295,34,15.0,0.2,True,False,0.0,0.0,country_not_mapped,False,False
1160,34,4.0,0.25,False,True,0.0,0.0,unknown,True,False
1219,34,16.0,0.3125,True,False,0.0,0.0,ok,False,False
472,34,16.0,0.375,False,True,0.0,0.0,ok,True,False
1323,34,1.0,1.0,False,False,1.0,0.0,ok,False,False
373,34,16.0,0.3125,True,False,0.0,0.0,ok,False,False
1504,34,16.0,0.3125,True,False,0.0,0.0,ok,False,False
1762,34,15.0,0.2,True,False,0.0,0.0,unknown,False,False
1851,34,15.0,0.2,True,False,0.0,0.0,ok,True,False
1046,34,13.0,0.46153846153846156,False,True,0.0,0.0,ok,False,False
1290,34,26.0,0.3076923076923077,True,False,0.0,0.0,ok,False,False
1010,34,1.0,1.0,False,False,1.0,0.0,ok,False,False
1065,34,8.0,0.375,False,True,0.0,0.0,ok,True,False
234,34,11.0,0.2727272727272727,False,True,0.0,0.0,unknown,True,False
815,34,1.0,1.0,False,False,1.0,0.0,ok,False,False
385,33,11.0,0.2727272727272727,True,False,0.0,0.0,ok,False,False
497,33,6.0,0.3333333333333333,False,True,0.0,0.0,ok,True,False
551,33,5.0,0.2,False,True,1.0,0.0,ok,True,False
1237,33,3.0,0.6666666666666666,False,False,2.0,0.0,unknown,True,False
644,33,13.0,0.15384615384615385,True,False,0.0,0.0,ok,True,False
411,33,2.0,1.0,False,False,0.0,0.0,unknown,False,False
1717,33,11.0,0.2727272727272727,True,False,0.0,0.0,ok,False,False
1862,33,6.0,0.3333333333333333,False,False,2.0,0.0,unknown,True,False
1933,33,9.0,0.1111111111111111,False,True,1.0,0.0,unknown,True,False
1258,33,13.0,0.15384615384615385,True,False,0.0,0.0,ok,True,False
1896,33,31.0,0.25806451612903225,True,False,0.0,0.0,ok,False,False
1328,33,1.0,1.0,False,False,0.0,0.0,ok,True,False
1929,33,2.0,1.0,False,False,0.0,0.0,ok,True,False
812,33,23.0,0.2608695652173913,True,False,0.0,0.0,ok,False,False
1517,33,3.0,0.3333333333333333,False,True,0.0,0.0,ok,True,False
1653,32,31.0,0.25806451612903225,False,True,1.0,0.0,ok,False,False
398,32,5.0,0.4,False,False,2.0,0.0,ok,True,False
632,32,13.0,0.23076923076923078,True,False,0.0,0.0,ok,False,False
1606,32,10.0,0.3,False,True,0.0,0.0,ok,True,False
611,32,10.0,0.3,False,True,0.0,0.0,ok,True,False
686,32,13.0,0.23076923076923078,True,False,0.0,0.0,ok,False,False
1316,32,12.0,0.75,False,False,1.0,0.0,country_not_mapped,True,False
702,32,4.0,0.5,False,False,2.0,1.0,unknown,True,False
1077,31,18.0,0.2777777777777778,False,True,0.0,0.0,ok,True,False
298,31,11.0,0.2727272727272727,False,True,0.0,0.0,unknown,False,False
1086,31,10.0,0.2,True,False,0.0,0.0,ok,False,False
736,31,4.0,0.25,False,True,0.0,0.0,ok,True,False
749,31,1.0,0.0,False,True,0.0,0.0,mismatch,True,False
811,31,16.0,0.1875,True,False,0.0,0.0,ok,False,False
844,31,4.0,0.25,False,True,0.0,0.0,ok,True,False
1447,31,16.0,0.25,False,False,3.0,0.0,unknown,False,False
1016,30,0.0,0.0,False,False,1.0,0.0,country_not_mapped,False,False
1597,30,5.0,0.2,False,True,1.0,0.0,ok,False,False
1057,30,1.0,1.0,False,False,0.0,0.0,ok,False,False
583,30,0.0,0.0,False,False,0.0,0.0,ok,True,False
1262,30,0.0,0.0,False,False,0.0,0.0,unknown,False,False
361,30,1.0,1.0,False,False,0.0,0.0,ok,False,False
1558,30,0.0,0.0,False,False,1.0,0.0,unknown,True,False
180,30,0.0,0.0,False,False,0.0,0.0,unknown,False,False
22,30,0.0,0.0,False,False,1.0,0.0,ok,True,False
87,30,0.0,0.0,False,False,1.0,0.0,ok,False,False
1802,30,0.0,0.0,False,False,0.0,0.0,ok,True,False
467,30,11.0,0.18181818181818182,True,False,0.0,0.0,ok,False,False
1483,30,0.0,0.0,False,False,3.0,0.0,ok,True,False
951,30,0.0,0.0,False,False,0.0,0.0,ok,True,False
1422,30,0.0,0.0,False,False,0.0,0.0,unknown,True,False
780,30,0.0,0.0,False,False,1.0,0.0,ok,False,False
676,30,0.0,0.0,False,False,0.0,0.0,ok,False,False
932,30,0.0,0.0,False,False,1.0,0.0,mismatch,True,False
1302,30,0.0,0.0,False,False,0.0,0.0,mismatch,True,False
1411,30,9.0,0.2222222222222222,False,True,0.0,0.0,unknown,False,False
950,30,0.0,0.0,False,False,1.0,0.0,ok,False,False
831,30,0.0,0.0,False,False,0.0,0.0,ok,False,False
1412,30,0.0,0.0,False,False,1.0,0.0,ok,False,False
1058,30,1.0,1.0,False,False,0.0,0.0,ok,False,False
549,30,0.0,0.0,False,False,1.0,0.0,ok,False,False
1614,30,0.0,0.0,False,False,0.0,0.0,ok,True,False
1205,30,0.0,0.0,False,False,1.0,0.0,ok,False,False
1394,30,1.0,1.0,False,False,0.0,0.0,ok,False,False
1469,30,0.0,0.0,False,False,1.0,0.0,unknown,True,False
1535,30,27.0,0.2222222222222222,False,True,0.0,0.0,ok,True,False
335,30,0.0,0.0,False,False,1.0,0.0,ok,False,False
708,30,17.0,0.23529411764705882,False,True,0.0,0.0,ok,True,False
1458,30,0.0,0.0,False,False,0.0,0.0,ok,False,False
1689,30,0.0,0.0,False,False,1.0,0.0,ok,True,False
1852,30,9.0,0.2222222222222222,False,True,0.0,0.0,ok,True,False
975,30,0.0,0.0,False,False,0.0,0.0,ok,False,False
1884,30,0.0,0.0,False,False,1.0,0.0,ok,True,False
619,30,0.0,0.0,False,False,1.0,0.0,ok,True,False
305,30,0.0,0.0,False,False,0.0,0.0,ok,True,False
1186,30,5.0,0.2,False,True,1.0,0.0,ok,False,False
1180,30,0.0,0.0,False,False,2.0,0.0,unknown,False,False
1294,30,0.0,0.0,False,False,0.0,0.0,ok,True,False
463,29,4.0,0.75,False,False,2.0,0.0,ok,False,False
365,29,14.0,0.2857142857142857,False,True,0.0,0.0,ok,False,False
1155,29,24.0,0.125,True,False,0.0,0.0,ok,False,False
1682,29,5.0,0.2,False,True,0.0,0.0,unknown,False,False
1875,29,4.0,0.75,False,False,1.0,0.0,ok,True,False
735,29,16.0,0.1875,False,True,0.0,0.0,ok,True,False
75,29,21.0,0.047619047619047616,True,False,0.0,0.0,ok,True,False
239,29,8.0,0.25,False,False,0.0,0.0,mismatch,True,False
49,29,18.0,0.1111111111111111,False,False,1.0,1.0,mismatch,False,False
1858,29,16.0,0.125,True,False,0.0,0.0,ok,False,False
404,28,3.0,0.0,False,True,0.0,0.0,mismatch,False,False
386,28,6.0,0.6666666666666666,False,False,0.0,0.0,mismatch,False,False
1251,28,5.0,0.6,False,False,2.0,0.0,country_not_mapped,False,False
793,28,41.0,0.2682926829268293,False,True,0.0,0.0,ok,False,False
511,28,6.0,0.8333333333333334,False,False,0.0,0.0,unknown,False,False
1247,28,12.0,0.5833333333333334,False,False,1.0,0.0,unknown,True,False
10,28,13.0,0.46153846153846156,False,False,2.0,1.0,unknown,False,False
132,28,1.0,0.0,False,True,0.0,0.0,mismatch,False,False
1364,27,6.0,0.6666666666666666,False,False,1.0,0.0,ok,True,False
60,27,18.0,0.2222222222222222,False,False,2.0,0.0,ok,True,False
150,27,2.0,0.0,False,True,1.0,0.0,unknown,False,False
1278,27,3.0,0.6666666666666666,False,False,2.0,0.0,ok,False,False
521,27,3.0,0.3333333333333333,False,False,1.0,0.0,ok,True,False
1265,27,3.0,0.6666666666666666,False,False,2.0,0.0,ok,False,False
317,27,10.0,0.2,False,False,0.0,0.0,mismatch,True,False
687,26,8.0,0.375,False,False,1.0,0.0,mismatch,True,False
439,26,7.0,0.2857142857142857,False,False,3.0,1.0,unknown,False,False
1445,26,3.0,0.6666666666666666,False,False,0.0,0.0,unknown,True,False
912,26,11.0,0.36363636363636365,False,False,1.0,0.0,mismatch,True,False
1153,26,2.0,0.5,False,False,0.0,0.0,mismatch,True,False
447,26,14.0,0.42857142857142855,False,False,0.0,0.0,ok,True,False
1935,26,3.0,0.6666666666666666,False,False,0.0,0.0,unknown,True,False
157,26,5.0,0.2,False,False,3.0,0.0,ok,False,False
879,25,2.0,0.5,False,False,2.0,0.0,unknown,False,False
1301,25,2.0,0.5,False,False,1.0,0.0,country_not_mapped,True,False
1072,25,5.0,0.2,False,False,1.0,1.0,mismatch,True,False
1230,25,4.0,0.75,False,False,0.0,0.0,country_not_mapped,False,False
1825,25,4.0,0.5,False,False,1.0,0.0,unknown,True,False
51,25,3.0,0.3333333333333333,False,False,2.0,0.0,mismatch,False,False
1094,25,13.0,0.15384615384615385,False,True,0.0,0.0,ok,False,False
1979,25,2.0,0.5,False,False,1.0,0.0,unknown,True,False
1969,25,15.0,0.4,False,False,2.0,0.0,unknown,True,False
615,25,6.0,0.3333333333333333,False,False,1.0,0.0,mismatch,True,False
1808,25,4.0,0.75,False,False,0.0,0.0,ok,True,False
1195,25,6.0,0.3333333333333333,False,False,2.0,0.0,mismatch,False,False
1864,25,5.0,0.6,False,False,1.0,0.0,ok,True,False
1830,25,5.0,0.6,False,False,1.0,0.0,unknown,False,False
1027,24,7.0,0.2857142857142857,False,False,1.0,0.0,mismatch,True,False
191,24,9.0,0.3333333333333333,False,False,2.0,1.0,ok,True,False
1948,24,6.0,0.3333333333333333,False,False,2.0,1.0,ok,True,False
1692,24,5.0,0.4,False,False,1.0,0.0,mismatch,False,False
621,24,13.0,0.23076923076923078,False,False,1.0,0.0,ok,True,False
1211,24,9.0,0.4444444444444444,False,False,0.0,0.0,mismatch,True,False
1942,24,12.0,0.3333333333333333,False,False,2.0,1.0,ok,True,False
927,24,13.0,0.23076923076923078,False,False,3.0,2.0,ok,True,False
477,24,16.0,0.3125,False,False,1.0,0.0,mismatch,True,False
1994,24,1.0,0.0,False,True,1.0,0.0,ok,False,False
1663,23,7.0,0.42857142857142855,False,False,2.0,0.0,ok,True,False
1401,23,4.0,0.5,False,False,0.0,0.0,mismatch,False,False
684,23,10.0,0.4,False,False,0.0,0.0,mismatch,True,False
848,23,12.0,0.3333333333333333,False,False,3.0,0.0,ok,True,False
1128,23,20.0,0.25,False,False,1.0,0.0,mismatch,True,False
1525,23,10.0,0.4,False,False,0.0,0.0,mismatch,True,False
1621,23,7.0,0.42857142857142855,False,False,1.0,0.0,unknown,True,False
308,23,9.0,0.2222222222222222,False,False,0.0,0.0,unknown,True,False
790,23,7.0,0.5714285714285714,False,False,0.0,0.0,unknown,True,False
285,23,3.0,0.3333333333333333,False,False,0.0,0.0,ok,True,False
640,23,11.0,0.36363636363636365,False,False,1.0,0.0,mismatch,False,False
1307,23,22.0,0.2727272727272727,False,False,1.0,0.0,mismatch,True,False
1591,23,17.0,0.23529411764705882,False,False,3.0,0.0,unknown,True,False
343,22,8.0,0.5,False,False,1.0,0.0,ok,True,False
11,22,4.0,0.5,False,False,1.0,0.0,ok,True,False
1286,22,11.0,0.18181818181818182,False,False,1.0,0.0,ok,True,False
1169,22,5.0,0.6,False,False,1.0,0.0,ok,False,False
1963,22,6.0,0.5,False,False,1.0,0.0,ok,True,False
1426,22,12.0,0.16666666666666666,False,False,1.0,0.0,unknown,False,False
139,22,6.0,0.5,False,False,1.0,0.0,ok,True,False
652,22,18.0,0.3888888888888889,False,False,2.0,0.0,ok,True,False
301,22,2.0,0.5,False,False,1.0,0.0,unknown,False,False
1934,22,6.0,0.5,False,False,1.0,0.0,unknown,False,False
1756,22,5.0,0.2,False,False,0.0,0.0,unknown,True,False
1134,22,4.0,0.25,False,False,3.0,1.0,ok,False,False
392,21,2.0,0.5,False,False,0.0,0.0,unknown,True,False
403,21,9.0,0.3333333333333333,False,False,0.0,0.0,mismatch,True,False
1112,21,3.0,0.3333333333333333,False,False,2.0,1.0,ok,False,False
210,21,17.0,0.29411764705882354,False,False,1.0,0.0,mismatch,False,False
314,21,15.0,0.4666666666666667,False,False,1.0,0.0,country_not_mapped,False,False
1883,21,4.0,0.25,False,False,2.0,0.0,unknown,True,False
1556,21,4.0,0.25,False,False,0.0,0.0,ok,True,False
535,21,8.0,0.375,False,False,1.0,0.0,unknown,True,False
475,21,3.0,0.3333333333333333,False,False,0.0,0.0,mismatch,True,False
45,21,7.0,0.5714285714285714,False,False,1.0,0.0,ok,False,False
1559,21,8.0,0.375,False,False,2.0,0.0,ok,True,False
1983,21,12.0,0.5,False,False,0.0,0.0,unknown,True,False
1562,21,12.0,0.25,False,False,0.0,0.0,ok,True,False
138,21,10.0,0.5,False,False,0.0,0.0,unknown,True,False
924,21,12.0,0.3333333333333333,False,False,1.0,1.0,country_not_mapped,False,False
797,21,16.0,0.375,False,False,2.0,0.0,unknown,False,False
1490,21,5.0,0.2,False,False,1.0,0.0,mismatch,True,False
893,21,4.0,0.25,False,False,3.0,0.0,country_not_mapped,False,False
1148,21,8.0,0.25,False,False,0.0,0.0,unknown,False,False
750,21,12.0,0.25,False,False,0.0,0.0,ok,True,False
307,21,3.0,0.0,False,False,0.0,0.0,mismatch,True,False
710,21,13.0,0.3076923076923077,False,False,1.0,0.0,mismatch,False,False
115,20,9.0,0.3333333333333333,False,False,3.0,0.0,ok,False,False
976,20,10.0,0.3,False,False,1.0,1.0,ok,True,False
1039,20,9.0,0.4444444444444444,False,False,1.0,0.0,ok,True,False
1669,20,12.0,0.3333333333333333,False,False,2.0,0.0,unknown,False,False
56,20,4.0,0.25,False,False,1.0,0.0,mismatch,False,False
244,20,5.0,0.4,False,False,0.0,0.0,mismatch,False,False
221,20,16.0,0.4375,False,False,1.0,0.0,unknown,False,False
1487,20,24.0,0.4583333333333333,False,False,0.0,0.0,unknown,True,False
1867,20,9.0,0.2222222222222222,False,False,0.0,0.0,ok,True,False
437,20,9.0,0.3333333333333333,False,False,0.0,0.0,ok,False,False
1835,20,2.0,0.0,False,False,1.0,0.0,unknown,True,False
1078,20,3.0,0.3333333333333333,False,False,2.0,0.0,unknown,False,False
1696,20,3.0,0.3333333333333333,False,False,2.0,0.0,unknown,False,False
993,20,1.0,0.0,False,False,2.0,0.0,ok,True,False
116,20,10.0,0.3,False,False,0.0,0.0,mismatch,True,False
921,20,5.0,0.0,False,False,1.0,0.0,unknown,True,False
1320,20,7.0,0.2857142857142857,False,False,0.0,0.0,mismatch,True,False
1446,19,13.0,0.23076923076923078,False,False,1.0,0.0,mismatch,False,False
590,19,9.0,0.4444444444444444,False,False,0.0,0.0,unknown,True,False
1215,19,5.0,0.4,False,False,1.0,0.0,ok,True,False
383,19,7.0,0.2857142857142857,False,False,1.0,0.0,unknown,True,False
161,19,2.0,0.5,False,False,1.0,0.0,ok,False,False
586,19,14.0,0.5,False,False,1.0,0.0,ok,False,False
148,19,19.0,0.3157894736842105,False,False,0.0,0.0,ok,False,False
259,19,7.0,0.14285714285714285,False,False,1.0,0.0,mismatch,True,False
1678,19,7.0,0.42857142857142855,False,False,0.0,0.0,unknown,True,False
575,19,10.0,0.3,False,False,1.0,0.0,country_not_mapped,True,False
1040,19,8.0,0.25,False,False,0.0,0.0,mismatch,True,False
1809,19,5.0,0.4,False,False,1.0,0.0,unknown,False,False
858,19,7.0,0.42857142857142855,False,False,0.0,0.0,unknown,True,False
1503,19,4.0,0.5,False,False,1.0,0.0,ok,False,False
1439,19,10.0,0.5,False,False,1.0,0.0,ok,False,False
460,19,2.0,0.5,False,False,1.0,0.0,ok,False,False
681,19,2.0,0.5,False,False,1.0,0.0,ok,False,False
1817,19,2.0,0.5,False,False,1.0,0.0,ok,False,False
129,19,6.0,0.5,False,False,1.0,0.0,ok,False,False
1716,18,4.0,0.5,False,False,0.0,0.0,unknown,False,False
469,18,6.0,0.3333333333333333,False,False,1.0,1.0,ok,False,False
886,18,2.0,0.5,False,False,0.0,0.0,unknown,False,False
64,18,3.0,0.3333333333333333,False,False,0.0,0.0,mismatch,False,False
1248,18,8.0,0.125,False,False,2.0,1.0,ok,True,False
1120,18,12.0,0.25,False,False,1.0,0.0,unknown,True,False
323,18,12.0,0.16666666666666666,False,False,4.0,0.0,unknown,False,False
173,18,4.0,0.5,False,False,0.0,0.0,ok,True,False
711,18,2.0,0.5,False,False,0.0,0.0,ok,True,False
531,18,15.0,0.06666666666666667,False,False,0.0,0.0,country_not_mapped,True,False
678,18,27.0,0.2222222222222222,False,False,1.0,1.0,ok,True,False
231,18,18.0,0.2777777777777778,False,False,1.0,0.0,unknown,True,False
1631,18,11.0,0.2727272727272727,False,False,1.0,0.0,unknown,True,False
939,18,15.0,0.3333333333333333,False,False,0.0,0.0,mismatch,False,False
1063,18,4.0,0.5,False,False,0.0,0.0,unknown,False,False
1662,18,5.0,0.6,False,False,0.0,0.0,ok,False,False
322,18,8.0,0.5,False,False,0.0,0.0,ok,True,False
1644,18,3.0,0.0,False,False,2.0,0.0,mismatch,True,False
177,18,11.0,0.2727272727272727,False,False,1.0,0.0,unknown,True,False
1085,18,9.0,0.3333333333333333,False,False,0.0,0.0,mismatch,False,False
62,18,11.0,0.36363636363636365,False,False,1.0,0.0,ok,True,False
327,18,12.0,0.3333333333333333,False,False,0.0,0.0,mismatch,False,False
1976,18,2.0,0.5,False,False,0.0,0.0,ok,True,False
715,18,4.0,0.25,False,False,1.0,0.0,unknown,True,False
580,18,8.0,0.5,False,False,0.0,0.0,unknown,False,False
13,18,12.0,0.25,False,False,1.0,0.0,unknown,True,False
77,18,6.0,0.5,False,False,0.0,0.0,country_not_mapped,False,False
1944,18,8.0,0.375,False,False,1.0,0.0,ok,True,False
1408,17,12.0,0.3333333333333333,False,False,1.0,0.0,ok,True,False
977,17,9.0,0.2222222222222222,False,False,1.0,0.0,unknown,True,False
771,17,12.0,0.3333333333333333,False,False,1.0,0.0,ok,True,False
1759,17,7.0,0.42857142857142855,False,False,1.0,0.0,ok,False,False
1553,17,12.0,0.3333333333333333,False,False,1.0,0.0,ok,True,False
864,17,3.0,0.3333333333333333,False,False,1.0,0.0,unknown,False,False
1351,17,3.0,0.3333333333333333,False,False,2.0,0.0,ok,False,False
1054,17,13.0,0.07692307692307693,False,False,1.0,0.0,mismatch,True,False
1538,17,18.0,0.2222222222222222,False,False,1.0,0.0,country_not_mapped,True,False
1424,17,6.0,0.0,False,False,2.0,0.0,ok,False,False
499,17,9.0,0.3333333333333333,False,False,1.0,0.0,unknown,False,False
751,17,1.0,0.0,False,False,2.0,0.0,ok,False,False
982,17,6.0,0.3333333333333333,False,False,1.0,0.0,ok,True,False
1329,17,5.0,0.2,False,False,0.0,0.0,mismatch,True,False
1045,17,10.0,0.1,False,False,2.0,1.0,ok,True,False
1256,17,15.0,0.3333333333333333,False,False,1.0,0.0,ok,True,False
1882,17,16.0,0.1875,False,False,0.0,0.0,mismatch,True,False
1604,17,3.0,0.3333333333333333,False,False,1.0,0.0,unknown,False,False
1118,17,5.0,0.2,False,False,0.0,0.0,mismatch,True,False
775,17,3.0,0.3333333333333333,False,False,1.0,0.0,unknown,False,False
1131,17,12.0,0.3333333333333333,False,False,1.0,0.0,ok,True,False
631,17,9.0,0.4444444444444444,False,False,1.0,0.0,ok,False,False
271,17,7.0,0.42857142857142855,False,False,1.0,0.0,ok,False,False
1361,17,11.0,0.45454545454545453,False,False,0.0,0.0,ok,True,False
1555,17,6.0,0.3333333333333333,False,False,1.0,0.0,ok,True,False
1353,17,8.0,0.125,False,False,0.0,0.0,ok,True,False
1410,17,7.0,0.2857142857142857,False,False,0.0,0.0,mismatch,False,False
455,17,9.0,0.2222222222222222,False,False,2.0,0.0,ok,True,False
633,16,13.0,0.3076923076923077,False,False,1.0,0.0,ok,True,False
1616,16,6.0,0.16666666666666666,False,False,0.0,0.0,mismatch,True,False
1143,16,15.0,0.4,False,False,1.0,0.0,ok,False,False
1989,16,10.0,0.3,False,False,1.0,0.0,ok,True,False
371,16,14.0,0.21428571428571427,False,False,2.0,0.0,unknown,False,False
1599,16,3.0,0.3333333333333333,False,False,0.0,0.0,unknown,True,False
302,16,10.0,0.3,False,False,1.0,0.0,ok,True,False
1470,16,5.0,0.2,False,False,1.0,0.0,unknown,True,False
1823,16,10.0,0.3,False,False,2.0,0.0,ok,False,False
578,16,7.0,0.2857142857142857,False,False,1.0,0.0,ok,True,False
1506,16,9.0,0.1111111111111111,False,False,2.0,0.0,unknown,True,False
1984,16,13.0,0.38461538461538464,False,False,1.0,0.0,ok,False,False
1297,16,15.0,0.26666666666666666,False,False,0.0,0.0,mismatch,False,False
55,16,12.0,0.4166666666666667,False,False,1.0,0.0,ok,False,False
1622,16,6.0,0.3333333333333333,False,False,0.0,0.0,unknown,True,False
562,16,11.0,0.18181818181818182,False,False,0.0,0.0,mismatch,True,False
1906,16,26.0,0.19230769230769232,False,False,1.0,0.0,unknown,True,False
796,16,10.0,0.2,False,False,1.0,0.0,country_not_mapped,True,False
174,16,25.0,0.2,False,False,1.0,0.0,unknown,True,False
1056,15,4.0,0.5,False,False,0.0,0.0,ok,False,False
1079,15,2.0,0.5,False,False,0.0,0.0,ok,False,False
1595,15,5.0,0.4,False,False,0.0,0.0,ok,True,False
286,15,24.0,0.16666666666666666,False,False,2.0,0.0,ok,True,False
434,15,1.0,0.0,False,False,1.0,0.0,mismatch,True,False
849,15,17.0,0.4117647058823529,False,False,0.0,0.0,ok,True,False
249,15,19.0,0.3684210526315789,False,False,1.0,0.0,ok,False,False
1159,15,4.0,0.25,False,False,1.0,0.0,unknown,False,False
1557,15,5.0,0.4,False,False,0.0,0.0,country_not_mapped,False,False
1779,15,12.0,0.25,False,False,1.0,0.0,ok,True,False
800,15,8.0,0.25,False,False,2.0,0.0,ok,False,False
1270,15,4.0,0.25,False,False,2.0,0.0,ok,False,False
1620,15,4.0,0.0,False,False,2.0,0.0,mismatch,False,False
1283,15,4.0,0.5,False,False,0.0,0.0,ok,False,False
1377,15,12.0,0.16666666666666666,False,False,2.0,0.0,ok,True,False
1000,15,7.0,0.2857142857142857,False,False,0.0,0.0,unknown,True,False
962,15,2.0,0.5,False,False,0.0,0.0,ok,False,False
819,15,2.0,0.0,False,False,2.0,0.0,mismatch,False,False
1665,15,5.0,0.4,False,False,0.0,0.0,ok,True,False
339,15,2.0,0.5,False,False,0.0,0.0,ok,False,False
1174,15,15.0,0.26666666666666666,False,False,1.0,0.0,unknown,False,False
1183,15,1.0,0.0,False,False,1.0,0.0,mismatch,True,False
506,15,13.0,0.38461538461538464,False,False,0.0,0.0,ok,True,False
1907,15,3.0,0.0,False,False,1.0,0.0,mismatch,True,False
718,15,7.0,0.2857142857142857,False,False,0.0,0.0,unknown,True,False
874,15,6.0,0.5,False,False,0.0,0.0,ok,False,False
894,15,11.0,0.2727272727272727,False,False,1.0,0.0,ok,True,False
448,15,19.0,0.15789473684210525,False,False,2.0,0.0,country_not_mapped,False,False
1314,15,8.0,0.25,False,False,1.0,0.0,ok,True,False
1012,15,4.0,0.25,False,False,2.0,0.0,ok,False,False
755,14,4.0,0.25,False,False,0.0,0.0,unknown,True,False
822,14,8.0,0.25,False,False,0.0,0.0,country_not_mapped,True,False
368,14,4.0,0.25,False,False,0.0,0.0,unknown,True,False
1203,14,28.0,0.14285714285714285,False,False,1.0,0.0,unknown,True,False
200,14,3.0,0.3333333333333333,False,False,1.0,0.0,ok,False,False
1288,14,6.0,0.3333333333333333,False,False,1.0,0.0,ok,False,False
1957,14,16.0,0.125,False,False,1.0,0.0,unknown,True,False
1226,14,4.0,0.25,False,False,0.0,0.0,unknown,True,False
186,14,14.0,0.14285714285714285,False,False,1.0,0.0,unknown,True,False
866,14,27.0,0.25925925925925924,False,False,0.0,0.0,unknown,True,False
193,14,13.0,0.23076923076923078,False,False,1.0,0.0,unknown,False,False
1962,14,17.0,0.35294117647058826,False,False,0.0,0.0,ok,True,False
122,14,6.0,0.3333333333333333,False,False,1.0,0.0,ok,False,False
557,14,8.0,0.375,False,False,0.0,0.0,unknown,False,False
306,14,7.0,0.14285714285714285,False,False,0.0,0.0,ok,False,False
666,14,3.0,0.3333333333333333,False,False,1.0,0.0,ok,False,False
527,14,14.0,0.14285714285714285,False,False,2.0,0.0,ok,True,False
1399,14,12.0,0.3333333333333333,False,False,1.0,0.0,ok,False,False
569,14,8.0,0.125,False,False,3.0,0.0,ok,False,False
74,14,9.0,0.1111111111111111,False,False,0.0,0.0,mismatch,True,False
1228,14,12.0,0.3333333333333333,False,False,1.0,0.0,ok,False,False
1660,14,8.0,0.375,False,False,0.0,0.0,unknown,False,False
949,14,14.0,0.35714285714285715,False,False,0.0,0.0,ok,True,False
113,14,16.0,0.25,False,False,0.0,0.0,unknown,True,False
622,14,15.0,0.26666666666666666,False,False,0.0,0.0,unknown,True,False
880,14,4.0,0.25,False,False,0.0,0.0,unknown,True,False
906,13,9.0,0.1111111111111111,False,False,1.0,0.0,unknown,True,False
1789,13,3.0,0.3333333333333333,False,False,0.0,0.0,ok,True,False
17,13,3.0,0.3333333333333333,False,False,0.0,0.0,unknown,False,False
728,13,4.0,0.0,False,False,2.0,0.0,unknown,True,False
1092,13,16.0,0.1875,False,False,1.0,0.0,ok,True,False
1594,13,5.0,0.2,False,False,1.0,0.0,unknown,False,False
699,13,11.0,0.18181818181818182,False,False,1.0,1.0,ok,False,False
1403,13,5.0,0.2,False,False,1.0,0.0,ok,True,False
654,13,3.0,0.3333333333333333,False,False,0.0,0.0,unknown,False,False
1210,13,2.0,0.0,False,False,2.0,0.0,unknown,True,False
953,13,2.0,0.0,False,False,0.0,0.0,unknown,False,False
1019,13,3.0,0.3333333333333333,False,False,0.0,0.0,ok,True,False
1761,13,3.0,0.0,False,False,2.0,0.0,country_not_mapped,True,False
1167,13,4.0,0.0,False,False,0.0,0.0,unknown,False,False
1089,13,3.0,0.3333333333333333,False,False,0.0,0.0,ok,True,False
1287,13,5.0,0.2,False,False,1.0,0.0,ok,True,False
1181,13,3.0,0.3333333333333333,False,False,0.0,0.0,ok,True,False
483,13,3.0,0.3333333333333333,False,False,0.0,0.0,country_not_mapped,False,False
592,13,3.0,0.3333333333333333,False,False,0.0,0.0,ok,True,False
850,13,3.0,0.3333333333333333,False,False,0.0,0.0,unknown,False,False
190,13,16.0,0.3125,False,False,1.0,0.0,ok,False,False
606,13,18.0,0.1111111111111111,False,False,2.0,0.0,ok,True,False
1293,13,3.0,0.3333333333333333,False,False,0.0,0.0,country_not_mapped,False,False
14,13,5.0,0.2,False,False,1.0,0.0,ok,True,False
1958,13,3.0,0.3333333333333333,False,False,0.0,0.0,ok,True,False
1743,13,11.0,0.0,False,False,0.0,0.0,unknown,False,False
1539,13,1.0,0.0,False,False,3.0,0.0,ok,True,False
1347,13,14.0,0.42857142857142855,False,False,0.0,0.0,ok,False,False
1871,12,8.0,0.25,False,False,1.0,0.0,ok,False,False
1142,12,14.0,0.2857142857142857,False,False,0.0,0.0,ok,True,False
669,12,5.0,0.2,False,False,0.0,0.0,unknown,True,False
238,12,7.0,0.2857142857142857,False,False,0.0,0.0,ok,True,False
754,12,7.0,0.2857142857142857,False,False,0.0,0.0,unknown,False,False
471,12,20.0,0.4,False,False,0.0,0.0,ok,False,False
964,12,23.0,0.30434782608695654,False,False,0.0,0.0,ok,True,False
47,12,10.0,0.3,False,False,0.0,0.0,ok,True,False
1654,12,16.0,0.3125,False,False,0.0,0.0,ok,True,False
1097,12,4.0,0.25,False,False,1.0,0.0,ok,False,False
65,12,14.0,0.2857142857142857,False,False,0.0,0.0,unknown,False,False
1803,12,17.0,0.4117647058823529,False,False,0.0,0.0,ok,False,False
216,12,17.0,0.17647058823529413,False,False,1.0,0.0,country_not_mapped,False,False
1224,12,7.0,0.2857142857142857,False,False,0.0,0.0,ok,True,False
19,12,6.0,0.0,False,False,1.0,0.0,mismatch,False,False
1341,12,5.0,0.2,False,False,0.0,0.0,country_not_mapped,True,False
1047,12,6.0,0.16666666666666666,False,False,1.0,0.0,ok,True,False
1479,12,14.0,0.2857142857142857,False,False,0.0,0.0,ok,True,False
830,12,4.0,0.25,False,False,1.0,0.0,ok,False,False
97,12,15.0,0.2,False,False,0.0,0.0,unknown,True,False
1856,12,5.0,0.2,False,False,0.0,0.0,country_not_mapped,True,False
1336,12,17.0,0.4117647058823529,False,False,0.0,0.0,ok,False,False
1397,12,6.0,0.16666666666666666,False,False,1.0,0.0,ok,True,False
268,12,7.0,0.2857142857142857,False,False,0.0,0.0,ok,True,False
465,12,12.0,0.16666666666666666,False,False,1.0,0.0,unknown,False,False
100,12,17.0,0.29411764705882354,False,False,0.0,0.0,ok,True,False
908,11,15.0,0.26666666666666666,False,False,0.0,0.0,ok,True,False
1990,11,4.0,0.0,False,False,0.0,0.0,mismatch,True,False
188,11,1.0,0.0,False,False,0.0,0.0,mismatch,True,False
1303,11,7.0,0.14285714285714285,False,False,1.0,0.0,ok,True,False
1672,11,22.0,0.045454545454545456,False,False,1.0,0.0,unknown,True,False
1360,11,12.0,0.25,False,False,0.0,0.0,ok,True,False
991,11,12.0,0.25,False,False,0.0,0.0,unknown,False,False
1972,11,12.0,0.25,False,False,0.0,0.0,ok,True,False
956,11,7.0,0.14285714285714285,False,False,1.0,0.0,unknown,False,False
395,11,11.0,0.36363636363636365,False,False,0.0,0.0,ok,False,False
1720,11,1.0,0.0,False,False,2.0,1.0,ok,False,False
576,11,8.0,0.375,False,False,0.0,0.0,ok,False,False
1102,11,17.0,0.35294117647058826,False,False,0.0,0.0,ok,False,False
840,11,22.0,0.13636363636363635,False,False,2.0,0.0,ok,False,False
628,11,4.0,0.25,False,False,0.0,0.0,ok,True,False
1330,11,18.0,0.16666666666666666,False,False,0.0,0.0,unknown,True,False
1428,11,8.0,0.125,False,False,2.0,0.0,ok,False,False
99,11,4.0,0.25,False,False,0.0,0.0,country_not_mapped,False,False
40,11,2.0,0.0,False,False,0.0,0.0,mismatch,True,False
675,11,3.0,0.0,False,False,0.0,0.0,mismatch,True,False
671,11,4.0,0.25,False,False,0.0,0.0,ok,True,False
1625,11,15.0,0.13333333333333333,False,False,1.0,0.0,unknown,False,False
1431,11,15.0,0.26666666666666666,False,False,0.0,0.0,ok,True,False
405,11,11.0,0.2727272727272727,False,False,0.0,0.0,unknown,False,False
442,11,8.0,0.375,False,False,0.0,0.0,ok,False,False
1618,11,2.0,0.0,False,False,0.0,0.0,mismatch,True,False
1218,11,4.0,0.25,False,False,0.0,0.0,ok,True,False
1489,11,8.0,0.375,False,False,0.0,0.0,ok,False,False
69,10,9.0,0.3333333333333333,False,False,0.0,0.0,ok,False,False
804,10,10.0,0.1,False,False,1.0,0.0,unknown,False,False
704,10,29.0,0.3448275862068966,False,False,0.0,0.0,ok,False,False
1164,10,15.0,0.13333333333333333,False,False,0.0,0.0,unknown,True,False
1855,10,15.0,0.3333333333333333,False,False,0.0,0.0,ok,False,False
1457,10,1.0,0.0,False,False,2.0,0.0,ok,True,False
1772,10,9.0,0.3333333333333333,False,False,0.0,0.0,ok,False,False
1266,10,6.0,0.3333333333333333,False,False,0.0,0.0,ok,False,False
171,10,9.0,0.3333333333333333,False,False,0.0,0.0,ok,False,False
936,10,18.0,0.2222222222222222,False,False,0.0,0.0,ok,True,False
414,10,6.0,0.3333333333333333,False,False,0.0,0.0,ok,False,False
478,10,13.0,0.23076923076923078,False,False,0.0,0.0,unknown,False,False
656,10,3.0,0.3333333333333333,False,False,0.0,0.0,ok,False,False
159,10,2.0,0.0,False,False,2.0,0.0,ok,True,False
630,10,4.0,0.0,False,False,2.0,0.0,ok,True,False
692,10,9.0,0.2222222222222222,False,False,0.0,0.0,ok,True,False
1819,10,2.0,0.0,False,False,1.0,0.0,unknown,True,False
1488,10,5.0,0.0,False,False,1.0,0.0,unknown,True,False
67,10,1.0,0.0,False,False,2.0,0.0,unknown,False,False
958,10,2.0,0.0,False,False,1.0,0.0,unknown,True,False
1912,10,18.0,0.2222222222222222,False,False,0.0,0.0,ok,True,False
1406,10,3.0,0.3333333333333333,False,False,0.0,0.0,ok,False,False
695,10,21.0,0.19047619047619047,False,False,1.0,0.0,ok,False,False
1255,10,4.0,0.0,False,False,1.0,0.0,country_not_mapped,True,False
999,10,18.0,0.3333333333333333,False,False,0.0,0.0,ok,False,False
79,9,10.0,0.3,False,False,0.0,0.0,ok,False,False
1657,9,5.0,0.2,False,False,0.0,0.0,ok,True,False
554,9,12.0,0.16666666666666666,False,False,1.0,0.0,ok,False,False
1053,9,5.0,0.2,False,False,0.0,0.0,unknown,False,False
166,9,7.0,0.2857142857142857,False,False,0.0,0.0,ok,False,False
1719,9,21.0,0.19047619047619047,False,False,0.0,0.0,unknown,False,False
1589,9,15.0,0.2,False,False,0.0,0.0,ok,True,False
1038,9,13.0,0.3076923076923077,False,False,0.0,0.0,ok,False,False
571,9,5.0,0.2,False,False,0.0,0.0,unknown,False,False
84,9,6.0,0.16666666666666666,False,False,1.0,0.0,ok,False,False
372,9,16.0,0.3125,False,False,0.0,0.0,ok,False,False
1584,9,16.0,0.0625,False,False,1.0,0.0,unknown,False,False
1212,9,13.0,0.3076923076923077,False,False,0.0,0.0,ok,False,False
1338,9,10.0,0.2,False,False,0.0,0.0,ok,True,False
1144,9,6.0,0.16666666666666666,False,False,1.0,0.0,ok,False,False
1171,9,19.0,0.3157894736842105,False,False,0.0,0.0,ok,False,False
742,9,10.0,0.2,False,False,0.0,0.0,unknown,False,False
1951,9,11.0,0.18181818181818182,False,False,1.0,0.0,ok,False,False
80,9,29.0,0.20689655172413793,False,False,0.0,0.0,ok,True,False
1173,9,14.0,0.21428571428571427,False,False,0.0,0.0,unknown,False,False
1029,8,17.0,0.17647058823529413,False,False,0.0,0.0,unknown,False,False
1041,8,6.0,0.0,False,False,1.0,1.0,ok,False,False
984,8,4.0,0.25,False,False,0.0,0.0,ok,False,False
406,8,1.0,0.0,False,False,0.0,0.0,mismatch,False,False
1495,8,15.0,0.06666666666666667,False,False,0.0,0.0,unknown,True,False
1632,8,13.0,0.15384615384615385,False,False,0.0,0.0,ok,True,False
768,8,6.0,0.16666666666666666,False,False,0.0,0.0,unknown,False,False
1497,8,4.0,0.25,False,False,0.0,0.0,ok,False,False
458,8,20.0,0.25,False,False,0.0,0.0,ok,False,False
1795,8,11.0,0.18181818181818182,False,False,0.0,0.0,unknown,False,False
1387,8,13.0,0.15384615384615385,False,False,0.0,0.0,ok,True,False
922,8,2.0,0.0,False,False,0.0,0.0,mismatch,False,False
679,8,8.0,0.25,False,False,0.0,0.0,ok,False,False
1967,8,12.0,0.25,False,False,0.0,0.0,ok,False,False
1568,8,14.0,0.14285714285714285,False,False,1.0,0.0,ok,False,False
884,8,22.0,0.2727272727272727,False,False,0.0,0.0,ok,False,False
128,8,2.0,0.0,False,False,0.0,0.0,mismatch,False,False
1071,8,2.0,0.0,False,False,0.0,0.0,mismatch,False,False
1334,8,2.0,0.0,False,False,0.0,0.0,mismatch,False,False
251,8,12.0,0.16666666666666666,False,False,0.0,0.0,ok,True,False
325,8,15.0,0.26666666666666666,False,False,0.0,0.0,ok,False,False
1376,8,11.0,0.18181818181818182,False,False,0.0,0.0,ok,True,False
1752,8,4.0,0.25,False,False,0.0,0.0,ok,False,False
214,7,3.0,0.0,False,False,1.0,0.0,ok,True,False
1605,7,2.0,0.0,False,False,1.0,0.0,ok,True,False
1546,7,7.0,0.14285714285714285,False,False,0.0,0.0,ok,True,False
945,7,9.0,0.2222222222222222,False,False,0.0,0.0,ok,False,False
85,7,11.0,0.09090909090909091,False,False,1.0,0.0,ok,False,False
882,7,8.0,0.0,False,False,1.0,0.0,ok,True,False
1510,7,9.0,0.2222222222222222,False,False,0.0,0.0,ok,False,False
495,7,5.0,0.0,False,False,1.0,0.0,ok,True,False
1507,7,8.0,0.125,False,False,0.0,0.0,unknown,False,False
1949,7,3.0,0.0,False,False,1.0,0.0,unknown,False,False
1760,7,13.0,0.23076923076923078,False,False,0.0,0.0,ok,False,False
167,7,14.0,0.14285714285714285,False,False,0.0,0.0,unknown,False,False
1059,7,8.0,0.125,False,False,0.0,0.0,unknown,False,False
1918,7,7.0,0.14285714285714285,False,False,0.0,0.0,unknown,False,False
891,7,3.0,0.0,False,False,1.0,0.0,ok,True,False
595,7,14.0,0.14285714285714285,False,False,0.0,0.0,ok,True,False
326,7,8.0,0.125,False,False,0.0,0.0,ok,True,False
345,7,1.0,0.0,False,False,1.0,0.0,country_not_mapped,False,False
1848,6,1.0,0.0,False,False,0.0,0.0,unknown,True,False
1452,6,14.0,0.21428571428571427,False,False,0.0,0.0,ok,False,False
1145,6,5.0,0.2,False,False,0.0,0.0,ok,False,False
1908,6,12.0,0.08333333333333333,False,False,1.0,0.0,ok,False,False
1737,6,11.0,0.09090909090909091,False,False,0.0,0.0,ok,True,False
46,6,2.0,0.0,False,False,0.0,0.0,unknown,True,False
1520,6,2.0,0.0,False,False,0.0,0.0,unknown,True,False
741,6,9.0,0.1111111111111111,False,False,0.0,0.0,country_not_mapped,False,False
753,6,6.0,0.0,False,False,0.0,0.0,unknown,True,False
808,6,14.0,0.21428571428571427,False,False,0.0,0.0,ok,False,False
38,6,7.0,0.0,False,False,0.0,0.0,unknown,True,False
1766,6,16.0,0.1875,False,False,0.0,0.0,ok,False,False
1572,6,5.0,0.2,False,False,0.0,0.0,ok,False,False
1698,6,2.0,0.0,False,False,0.0,0.0,unknown,True,False
1651,6,14.0,0.07142857142857142,False,False,1.0,0.0,ok,False,False
613,6,3.0,0.0,False,False,0.0,0.0,unknown,True,False
525,6,1.0,0.0,False,False,0.0,0.0,unknown,True,False
197,6,1.0,0.0,False,False,0.0,0.0,unknown,True,False
18,6,10.0,0.2,False,False,0.0,0.0,ok,False,False
1432,6,10.0,0.1,False,False,0.0,0.0,ok,True,False
440,5,13.0,0.15384615384615385,False,False,0.0,0.0,ok,False,False
869,5,17.0,0.17647058823529413,False,False,0.0,0.0,ok,False,False
416,5,11.0,0.18181818181818182,False,False,0.0,0.0,ok,False,False
814,5,11.0,0.18181818181818182,False,False,0.0,0.0,ok,False,False
1081,5,18.0,0.16666666666666666,False,False,0.0,0.0,ok,False,False
1052,5,6.0,0.16666666666666666,False,False,0.0,0.0,ok,False,False
641,5,12.0,0.08333333333333333,False,False,0.0,0.0,ok,True,False
832,5,12.0,0.08333333333333333,False,False,0.0,0.0,ok,True,False
433,5,6.0,0.16666666666666666,False,False,0.0,0.0,ok,False,False
672,4,3.0,0.0,False,False,1.0,0.0,ok,False,False
1414,4,3.0,0.0,False,False,1.0,0.0,ok,False,False
170,4,2.0,0.0,False,False,1.0,0.0,ok,False,False
1758,4,1.0,0.0,False,False,1.0,0.0,ok,False,False
839,4,2.0,0.0,False,False,1.0,0.0,ok,False,False
151,4,6.0,0.0,False,False,1.0,0.0,ok,False,False
1267,4,18.0,0.0,False,False,1.0,0.0,ok,False,False
591,4,2.0,0.0,False,False,1.0,0.0,ok,False,False
213,4,7.0,0.14285714285714285,False,False,0.0,0.0,ok,False,False
199,4,1.0,0.0,False,False,1.0,0.0,ok,False,False
1006,4,1.0,0.0,False,False,1.0,0.0,ok,False,False
943,4,5.0,0.0,False,False,1.0,0.0,ok,False,False
505,4,1.0,0.0,False,False,1.0,0.0,ok,False,False
885,4,2.0,0.0,False,False,1.0,0.0,ok,False,False
432,4,3.0,0.0,False,False,1.0,0.0,ok,False,False
1349,4,9.0,0.0,False,False,1.0,0.0,ok,False,False
564,4,3.0,0.0,False,False,1.0,0.0,ok,False,False
1778,4,1.0,0.0,False,False,1.0,0.0,ok,False,False
277,4,4.0,0.0,False,False,1.0,0.0,ok,False,False
126,4,12.0,0.0,False,False,1.0,0.0,ok,False,False
287,4,2.0,0.0,False,False,1.0,0.0,ok,False,False
1379,4,5.0,0.0,False,False,1.0,0.0,ok,False,False
1940,4,15.0,0.13333333333333333,False,False,0.0,0.0,ok,False,False
1344,4,7.0,0.14285714285714285,False,False,0.0,0.0,ok,False,False
374,4,1.0,0.0,False,False,1.0,0.0,ok,False,False
1804,4,4.0,0.0,False,False,1.0,0.0,ok,False,False
1566,3,2.0,0.0,False,False,0.0,0.0,ok,True,False
390,3,5.0,0.0,False,False,0.0,0.0,ok,True,False
513,3,4.0,0.0,False,False,0.0,0.0,unknown,False,False
1289,3,9.0,0.1111111111111111,False,False,0.0,0.0,ok,False,False
1315,3,11.0,0.0,False,False,0.0,0.0,ok,True,False
781,3,7.0,0.0,False,False,0.0,0.0,ok,True,False
144,3,1.0,0.0,False,False,0.0,0.0,ok,True,False
1375,3,5.0,0.0,False,False,0.0,0.0,ok,True,False
1068,3,2.0,0.0,False,False,0.0,0.0,unknown,False,False
407,3,1.0,0.0,False,False,0.0,0.0,unknown,False,False
1485,3,6.0,0.0,False,False,0.0,0.0,ok,True,False
1388,3,2.0,0.0,False,False,0.0,0.0,ok,True,False
206,3,1.0,0.0,False,False,0.0,0.0,ok,True,False
856,3,2.0,0.0,False,False,0.0,0.0,country_not_mapped,False,False
1533,3,2.0,0.0,False,False,0.0,0.0,unknown,False,False
1017,3,2.0,0.0,False,False,0.0,0.0,ok,True,False
1792,3,8.0,0.0,False,False,0.0,0.0,ok,True,False
1801,3,1.0,0.0,False,False,0.0,0.0,country_not_mapped,False,False
1722,3,15.0,0.0,False,False,0.0,0.0,ok,True,False
1221,3,3.0,0.0,False,False,0.0,0.0,unknown,False,False
1749,3,4.0,0.0,False,False,0.0,0.0,unknown,False,False
703,3,7.0,0.0,False,False,0.0,0.0,ok,True,False
1456,3,1.0,0.0,False,False,0.0,0.0,ok,True,False
1189,3,1.0,0.0,False,False,0.0,0.0,ok,True,False
1712,3,1.0,0.0,False,False,0.0,0.0,country_not_mapped,False,False
518,3,1.0,0.0,False,False,0.0,0.0,ok,True,False
1600,3,1.0,0.0,False,False,0.0,0.0,ok,True,False
1815,3,6.0,0.0,False,False,0.0,0.0,ok,True,False
1826,3,9.0,0.1111111111111111,False,False,0.0,0.0,ok,False,False
1886,3,3.0,0.0,False,False,0.0,0.0,ok,True,False
1834,3,1.0,0.0,False,False,0.0,0.0,ok,True,False
341,3,1.0,0.0,False,False,0.0,0.0,ok,True,False
1216,3,4.0,0.0,False,False,0.0,0.0,ok,True,False
86,3,5.0,0.0,False,False,0.0,0.0,ok,True,False
568,3,2.0,0.0,False,False,0.0,0.0,ok,True,False
1574,2,14.0,0.07142857142857142,False,False,0.0,0.0,ok,False,False
1135,0,2.0,0.0,False,False,0.0,0.0,ok,False,False
1075,0,2.0,0.0,False,False,0.0,0.0,ok,False,False
543,0,6.0,0.0,False,False,0.0,0.0,ok,False,False
492,0,2.0,0.0,False,False,0.0,0.0,ok,False,False
1711,0,9.0,0.0,False,False,0.0,0.0,ok,False,False
1993,0,3.0,0.0,False,False,0.0,0.0,ok,False,False
1734,0,7.0,0.0,False,False,0.0,0.0,ok,False,False
1980,0,2.0,0.0,False,False,0.0,0.0,ok,False,False
599,0,4.0,0.0,False,False,0.0,0.0,ok,False,False
73,0,6.0,0.0,False,False,0.0,0.0,ok,False,False
142,0,2.0,0.0,False,False,0.0,0.0,ok,False,False
89,0,2.0,0.0,False,False,0.0,0.0,ok,False,False
313,0,7.0,0.0,False,False,0.0,0.0,ok,False,False
1753,0,2.0,0.0,False,False,0.0,0.0,ok,False,False
1787,0,4.0,0.0,False,False,0.0,0.0,ok,False,False
996,0,1.0,0.0,False,False,0.0,0.0,ok,False,False
744,0,2.0,0.0,False,False,0.0,0.0,ok,False,False
1441,0,3.0,0.0,False,False,0.0,0.0,ok,False,False
574,0,4.0,0.0,False,False,0.0,0.0,ok,False,False
324,0,1.0,0.0,False,False,0.0,0.0,ok,False,False
1133,0,1.0,0.0,False,False,0.0,0.0,ok,False,False
548,0,12.0,0.0,False,False,0.0,0.0,ok,False,False
838,0,3.0,0.0,False,False,0.0,0.0,ok,False,False
399,0,8.0,0.0,False,False,0.0,0.0,ok,False,False
225,0,2.0,0.0,False,False,0.0,0.0,ok,False,False
1325,0,2.0,0.0,False,False,0.0,0.0,ok,False,False
