id,user_id,subscription_id,status,joined_at,left_at,reason,joined_at_clean,left_at_clean
563,1485,231,1,2024-12-06 21:23:01,,,2024-12-06 21:23:01,
1042,690,399,2,2024-09-23 02:25:46,2025-03-31 22:56:44,fraud,2024-09-23 02:25:46,2025-03-31 22:56:44
72,56,31,1,2025-02-15 18:19:15,,,2025-02-15 18:19:15,
414,590,168,1,2024-08-06 15:33:32,,,2024-08-06 15:33:32,
413,20,168,1,2024-05-19 10:34:05,,,2024-05-19 10:34:05,
848,1282,335,1,2022-11-09 09:23:58,,,2022-11-09 09:23:58,
822,407,324,1,2025-05-21 08:18:59,,,2025-05-21 08:18:59,
702,513,275,3,2024-03-06 01:54:28,2025-04-07 12:17:17,inactive,2024-03-06 01:54:28,2025-04-07 12:17:17
309,372,125,1,2025-04-20 16:23:38,,,2025-04-20 16:23:38,
605,1990,244,1,2022-07-08 02:04:36,,,2022-07-08 02:04:36,
49,710,20,1,2020-12-03 04:24:03,,,2020-12-03 04:24:03,
45,999,20,1,2020-06-17 10:38:58,,,2020-06-17 10:38:58,
134,1294,56,0,2025-02-20 11:39:30,,,2025-02-20 11:39:30,
968,79,379,5,2024-10-09 00:25:02,,,2024-10-09 00:25:02,
1036,720,398,1,2021-09-03 03:06:10,,,2021-09-03 03:06:10,
829,1071,327,4,2024-06-12 19:20:53,,,2024-06-12 19:20:53,
105,1203,48,3,2023-11-29 23:11:18,2024-07-24 12:43:02,owner_request,2023-11-29 23:11:18,2024-07-24 12:43:02
766,1164,300,2,2023-12-16 17:43:36,2024-09-29 18:56:16,owner_request,2023-12-16 17:43:36,2024-09-29 18:56:16
486,1258,199,2,2021-05-06 04:23:19,2022-12-20 00:06:56,,2021-05-06 04:23:19,2022-12-20 00:06:56
795,510,315,7,2024-11-05 08:28:01,2025-02-15 16:26:00,inactive,2024-11-05 08:28:01,2025-02-15 16:26:00
169,390,67,3,2023-05-30 15:51:02,2025-01-31 02:32:10,owner_request,2023-05-30 15:51:02,2025-01-31 02:32:10
295,1262,118,0,2025-04-12 05:21:26,,,2025-04-12 05:21:26,
666,962,262,2,2025-04-14 08:33:19,,owner_request,2025-04-14 08:33:19,
818,906,322,1,2024-03-21 12:30:53,,,2024-03-21 12:30:53,
834,233,329,1,2022-07-24 02:48:44,,,2022-07-24 02:48:44,
1015,1817,393,4,2023-07-11 04:22:58,,,2023-07-11 04:22:58,
1019,1073,394,1,2024-11-03 07:02:32,,,2024-11-03 07:02:32,
426,1446,172,1,2024-06-18 12:58:33,,,2024-06-18 12:58:33,
476,458,193,1,2024-07-08 22:59:25,,,2024-07-08 22:59:25,
497,1985,203,1,2021-04-06 23:46:54,,,2021-04-06 23:46:54,
324,1589,132,1,2023-09-01 03:14:55,,,2023-09-01 03:14:55,
771,808,303,1,2024-02-01 11:52:21,,,2024-02-01 11:52:21,
842,945,333,3,2024-12-16 20:42:04,2025-02-10 02:52:32,,2024-12-16 20:42:04,2025-02-10 02:52:32
115,64,50,3,2023-03-13 13:03:16,2024-03-27 14:17:40,,2023-03-13 13:03:16,2024-03-27 14:17:40
725,921,283,6,2025-02-19 17:36:15,2025-04-07 14:00:55,payment_failed,2025-02-19 17:36:15,2025-04-07 14:00:55
21,161,11,3,2024-07-31 17:09:34,2024-11-26 22:42:45,owner_request,2024-07-31 17:09:34,2024-11-26 22:42:45
313,1649,126,1,2024-11-01 20:22:09,,,2024-11-01 20:22:09,
449,1351,183,2,2025-03-06 23:00:30,2025-04-10 18:22:20,,2025-03-06 23:00:30,2025-04-10 18:22:20
785,1573,311,1,2023-03-15 15:06:57,,,2023-03-15 15:06:57,
349,574,145,1,2022-08-21 04:10:39,,,2022-08-21 04:10:39,
442,1046,178,6,2022-06-04 04:05:21,2024-08-15 02:29:34,voluntary,2022-06-04 04:05:21,2024-08-15 02:29:34
318,1980,128,3,2024-01-11 23:38:58,2024-05-03 03:10:16,voluntary,2024-01-11 23:38:58,2024-05-03 03:10:16
467,716,191,5,2025-05-28 01:17:31,,,2025-05-28 01:17:31,
239,259,97,2,2024-05-26 11:52:51,2025-04-05 05:23:13,inactive,2024-05-26 11:52:51,2025-04-05 05:23:13
775,1400,305,1,2023-10-28 17:35:22,,,2023-10-28 17:35:22,
765,884,300,2,2024-03-02 21:16:25,2025-05-28 10:43:19,,2024-03-02 21:16:25,2025-05-28 10:43:19
337,1054,140,1,2023-10-05 16:48:34,,,2023-10-05 16:48:34,
972,1119,380,1,2025-05-01 19:34:03,,,2025-05-01 19:34:03,
704,1364,275,1,2022-06-21 11:36:07,,,2022-06-21 11:36:07,
801,1989,316,7,2021-02-26 12:56:52,2024-05-19 09:51:46,,2021-02-26 12:56:52,2024-05-19 09:51:46
1048,1,400,1,2024-08-19 08:35:43,,,2024-08-19 08:35:43,
739,601,289,4,2022-10-20 17:48:03,,,2022-10-20 17:48:03,
700,499,272,1,2023-08-21 08:01:28,,,2023-08-21 08:01:28,
637,1424,255,7,2024-11-25 19:36:44,2024-12-03 22:53:16,payment_failed,2024-11-25 19:36:44,2024-12-03 22:53:16
676,1377,265,1,2024-07-28 11:30:04,,,2024-07-28 11:30:04,
92,864,42,5,2021-10-20 17:12:12,,,2021-10-20 17:12:12,
630,447,250,2,2023-11-28 06:04:55,2024-03-22 16:24:52,payment_failed,2023-11-28 06:04:55,2024-03-22 16:24:52
458,1370,186,1,2023-06-05 13:30:06,,,2023-06-05 13:30:06,
875,1201,344,2,2023-06-22 21:01:33,2024-09-13 08:26:41,owner_request,2023-06-22 21:01:33,2024-09-13 08:26:41
919,1629,358,4,2023-02-14 11:53:30,,,2023-02-14 11:53:30,
153,771,63,2,2024-07-12 12:00:38,2025-05-15 03:28:51,voluntary,2024-07-12 12:00:38,2025-05-15 03:28:51
302,554,120,7,2024-09-10 04:35:26,2024-12-08 16:51:23,,2024-09-10 04:35:26,2024-12-08 16:51:23
534,1422,216,0,2025-04-10 19:36:24,,,2025-04-10 19:36:24,
575,1562,234,2,2023-05-01 23:57:38,2023-08-25 23:58:11,payment_failed,2023-05-01 23:57:38,2023-08-25 23:58:11
229,1035,92,1,2024-11-24 08:49:21,,,2024-11-24 08:49:21,
644,1375,257,6,2021-04-20 00:12:58,2022-11-17 07:17:33,owner_request,2021-04-20 00:12:58,2022-11-17 07:17:33
920,199,358,1,2024-08-21 09:11:23,,,2024-08-21 09:11:23,
16,576,24,1,2024-01-19 00:52:45,,,2024-01-19 00:52:45,
321,340,129,6,2025-02-04 23:18:32,2025-03-27 15:49:20,,2025-02-04 23:18:32,2025-03-27 15:49:20
790,1490,314,1,2025-01-21 03:58:06,,,2025-01-21 03:58:06,
250,1818,100,1,2022-06-16 05:17:56,,,2022-06-16 05:17:56,
797,1441,316,1,2022-03-14 04:38:19,,,2022-03-14 04:38:19,
839,1520,332,3,2025-04-19 15:08:53,2025-05-30 12:48:45,,2025-04-19 15:08:53,2025-05-30 12:48:45
240,1669,97,5,2024-07-27 17:18:04,,,2024-07-27 17:18:04,
196,157,78,3,2023-12-03 15:28:50,2023-12-10 08:57:52,payment_failed,2023-12-03 15:28:50,2023-12-10 08:57:52
952,85,371,1,2024-01-01 04:36:09,,,2024-01-01 04:36:09,
734,1951,287,1,2024-08-04 06:33:39,,,2024-08-04 06:33:39,
174,69,71,1,2023-12-25 19:24:42,,,2023-12-25 19:24:42,
509,924,206,1,2023-12-18 08:26:58,,,2023-12-18 08:26:58,
1026,1481,396,1,2024-12-23 17:44:22,,,2024-12-23 17:44:22,
1,1151,1,3,2024-01-05 03:44:58,2024-10-05 11:23:04,,2024-01-05 03:44:58,2024-10-05 11:23:04
296,73,118,2,2024-12-18 19:36:30,,,2024-12-18 19:36:30,
80,1554,185,2,2024-08-22 12:01:58,2024-10-23 18:15:01,fraud,2024-08-22 12:01:58,2024-10-23 18:15:01
607,1087,244,2,2024-05-02 09:48:17,2024-06-01 16:22:04,,2024-05-02 09:48:17,2024-06-01 16:22:04
1003,670,389,1,2021-10-12 03:57:56,,,2021-10-12 03:57:56,
678,1907,265,1,2024-08-23 13:02:36,2025-03-11 07:56:18,,2024-08-23 13:02:36,2025-03-11 07:56:18
611,1886,246,1,2024-07-10 03:47:51,,,2024-07-10 03:47:51,
157,173,64,2,2025-02-27 03:40:32,2025-03-19 09:16:26,voluntary,2025-02-27 03:40:32,2025-03-19 09:16:26
52,1616,23,2,2024-12-03 13:24:27,2024-12-22 06:00:12,voluntary,2024-12-03 13:24:27,2024-12-22 06:00:12
896,456,352,2,2024-10-12 20:51:22,2024-12-12 23:23:22,fraud,2024-10-12 20:51:22,2024-12-12 23:23:22
459,580,186,2,2021-02-08 11:57:03,2023-01-03 04:37:32,,2021-02-08 11:57:03,2023-01-03 04:37:32
179,1510,72,1,2022-12-29 23:01:31,,,2022-12-29 23:01:31,
419,1299,170,2,2021-03-24 05:28:27,2021-10-05 18:23:11,inactive,2021-03-24 05:28:27,2021-10-05 18:23:11
1024,1802,395,0,2024-12-13 15:34:47,,,2024-12-13 15:34:47,
703,456,275,1,2022-02-05 17:06:23,,,2022-02-05 17:06:23,
213,1224,84,1,2025-05-08 18:30:07,,,2025-05-08 18:30:07,
590,1651,238,2,2022-11-25 22:48:57,2024-09-01 17:19:20,voluntary,2022-11-25 22:48:57,2024-09-01 17:19:20
195,1018,78,1,2023-10-23 14:36:02,,,2023-10-23 14:36:02,
934,1204,364,1,2025-04-30 11:54:01,,,2025-04-30 11:54:01,
779,1171,307,2,2024-02-19 06:04:44,2024-04-06 17:38:10,,2024-02-19 06:04:44,2024-04-06 17:38:10
136,830,57,0,2022-10-07 01:39:52,,,2022-10-07 01:39:52,
833,1239,329,1,2024-09-13 23:33:44,,,2024-09-13 23:33:44,
159,100,64,1,2022-08-25 04:31:51,,,2022-08-25 04:31:51,
756,1737,295,7,2024-07-23 22:11:52,2024-09-25 05:47:32,owner_request,2024-07-23 22:11:52,2024-09-25 05:47:32
65,493,28,1,2023-08-25 18:26:23,,,2023-08-25 18:26:23,
118,17,50,5,2025-02-17 21:36:33,,,2025-02-17 21:36:33,
816,1933,322,1,2025-03-15 06:02:10,,,2025-03-15 06:02:10,
282,538,114,2,2025-05-29 01:07:49,2025-05-29 13:43:26,owner_request,2025-05-29 01:07:49,2025-05-29 13:43:26
470,580,191,3,2025-04-20 04:09:48,2025-04-20 18:51:40,,2025-04-20 04:09:48,2025-04-20 18:51:40
508,146,206,5,2021-01-06 11:30:03,,,2021-01-06 11:30:03,
735,636,287,2,2022-09-24 02:20:35,2023-05-24 22:20:29,,2022-09-24 02:20:35,2023-05-24 22:20:29
412,601,168,2,2025-03-30 01:53:45,2025-05-09 17:40:52,voluntary,2025-03-30 01:53:45,2025-05-09 17:40:52
90,97,41,4,2024-11-07 02:40:41,,,2024-11-07 02:40:41,
659,586,260,2,2023-07-10 06:44:08,2024-09-02 20:32:13,inactive,2023-07-10 06:44:08,2024-09-02 20:32:13
199,1270,79,5,2021-06-17 17:22:40,,,2021-06-17 17:22:40,
564,1631,231,1,2024-12-03 19:52:20,,,2024-12-03 19:52:20,
803,814,317,5,2024-09-22 03:10:07,,,2024-09-22 03:10:07,
510,1896,207,1,2024-04-21 08:01:50,,,2024-04-21 08:01:50,
536,271,216,3,2025-04-21 12:37:50,2025-04-26 08:02:22,,2025-04-21 12:37:50,2025-04-26 08:02:22
805,19,317,2,2024-04-04 22:10:12,2024-05-25 22:55:56,owner_request,2024-04-04 22:10:12,2024-05-25 22:55:56
242,1077,98,3,2021-11-07 13:07:49,2021-11-10 01:10:14,,2021-11-07 13:07:49,2021-11-10 01:10:14
929,1212,362,1,2024-04-26 13:21:28,,,2024-04-26 13:21:28,
310,542,125,4,2025-04-28 02:12:08,,,2025-04-28 02:12:08,
373,704,154,2,2024-03-16 04:20:01,2024-04-22 21:33:37,voluntary,2024-03-16 04:20:01,2024-04-22 21:33:37
345,55,141,0,2022-03-31 06:59:52,,,2022-03-31 06:59:52,
7,654,4,1,2023-12-12 05:35:32,,,2023-12-12 05:35:32,
588,1189,238,1,2025-03-09 19:29:15,,,2025-03-09 19:29:15,
808,395,319,1,2022-04-15 20:34:53,,,2022-04-15 20:34:53,
347,1210,142,1,2023-04-25 18:54:18,,,2023-04-25 18:54:18,
124,344,53,1,2024-12-29 08:26:19,,,2024-12-29 08:26:19,
969,1160,379,0,2023-12-04 05:43:38,,,2023-12-04 05:43:38,
144,1491,60,0,2025-02-17 19:54:57,,,2025-02-17 19:54:57,
923,1984,359,2,2024-05-04 10:23:16,2024-06-17 16:11:15,,2024-05-04 10:23:16,2024-06-17 16:11:15
330,1248,136,1,2024-04-08 19:46:07,,,2024-04-08 19:46:07,
38,174,18,3,2024-07-30 00:50:00,2024-09-28 22:09:29,,2024-07-30 00:50:00,2024-09-28 22:09:29
434,371,176,1,2023-03-11 17:57:21,,,2023-03-11 17:57:21,
868,1081,343,4,2024-11-01 20:51:26,,,2024-11-01 20:51:26,
135,1967,56,1,2024-03-12 20:52:31,,,2024-03-12 20:52:31,
410,1832,167,5,2024-12-12 02:33:51,,,2024-12-12 02:33:51,
774,1497,305,1,2025-02-13 11:03:18,,,2025-02-13 11:03:18,
755,542,295,3,2025-04-12 07:00:40,2025-05-30 18:50:22,,2025-04-12 07:00:40,2025-05-30 18:50:22
668,177,263,6,2022-02-12 11:29:57,2024-04-20 20:54:37,inactive,2022-02-12 11:29:57,2024-04-20 20:54:37
996,93,386,1,2023-07-10 15:28:34,,,2023-07-10 15:28:34,
183,964,73,1,2023-11-27 01:20:18,,,2023-11-27 01:20:18,
450,159,183,1,2025-02-19 13:15:20,,,2025-02-19 13:15:20,
895,630,352,3,2024-02-05 14:01:39,2024-05-27 11:51:47,voluntary,2024-02-05 14:01:39,2024-05-27 11:51:47
522,1677,211,3,2024-03-02 06:02:44,2024-12-07 00:31:53,payment_failed,2024-03-02 06:02:44,2024-12-07 00:31:53
140,936,58,1,2024-05-17 07:35:17,,,2024-05-17 07:35:17,
149,703,61,0,2024-01-22 02:01:12,,,2024-01-22 02:01:12,
95,1032,44,1,2022-03-11 09:58:00,,,2022-03-11 09:58:00,
456,1221,185,7,2023-07-22 13:12:49,2024-11-21 02:35:08,voluntary,2023-07-22 13:12:49,2024-11-21 02:35:08
375,239,155,4,2025-05-09 06:07:01,,,2025-05-09 06:07:01,
873,1664,344,1,2023-10-07 20:35:38,,,2023-10-07 20:35:38,
51,1403,23,3,2025-01-27 08:31:16,2025-03-26 03:25:32,,2025-01-27 08:31:16,2025-03-26 03:25:32
685,592,268,2,2025-03-25 12:40:15,2025-05-31 03:20:50,,2025-03-25 12:40:15,2025-05-31 03:20:50
861,322,341,4,2022-09-03 02:35:49,,,2022-09-03 02:35:49,
392,1040,162,1,2024-08-20 15:26:09,,,2024-08-20 15:26:09,
692,751,269,6,2024-12-08 02:46:01,2025-01-13 13:17:56,payment_failed,2024-12-08 02:46:01,2025-01-13 13:17:56
1058,1087,485,1,2024-12-24 02:56:40,,,2024-12-24 02:56:40,
988,308,384,2,2024-07-05 08:38:01,2025-04-15 16:46:30,payment_failed,2024-07-05 08:38:01,2025-04-15 16:46:30
322,987,132,1,2024-12-29 20:45:10,,,2024-12-29 20:45:10,
234,1489,94,2,2024-12-04 12:20:31,2024-12-06 06:51:04,owner_request,2024-12-04 12:20:31,2024-12-06 06:51:04
84,1983,38,1,2020-09-03 14:52:58,,,2020-09-03 14:52:58,
155,790,63,1,2024-04-21 22:48:54,,,2024-04-21 22:48:54,
549,239,223,2,2024-11-23 06:41:31,2025-03-21 06:05:00,payment_failed,2024-11-23 06:41:31,2025-03-21 06:05:00
1029,371,396,1,2025-02-27 14:23:49,,,2025-02-27 14:23:49,
176,1341,71,1,2025-01-14 08:22:40,,,2025-01-14 08:22:40,
97,447,45,2,2023-12-31 13:41:42,2024-04-22 14:00:36,owner_request,2023-12-31 13:41:42,2024-04-22 14:00:36
841,1819,333,5,2025-04-03 10:22:19,,,2025-04-03 10:22:19,
545,1287,221,5,2023-12-01 08:44:23,,,2023-12-01 08:44:23,
268,658,108,2,2024-02-25 20:25:46,2024-03-12 01:59:23,,2024-02-25 20:25:46,2024-03-12 01:59:23
851,850,336,1,2025-03-05 05:30:57,,,2025-03-05 05:30:57,
380,1848,156,1,2025-05-14 04:36:32,,,2025-05-14 04:36:32,
372,897,154,1,2024-11-03 04:25:09,,,2024-11-03 04:25:09,
98,1657,45,1,2022-08-03 17:10:46,,,2022-08-03 17:10:46,
1027,1761,396,1,2024-05-15 09:56:24,2025-05-25 22:50:19,,2024-05-15 09:56:24,2025-05-25 22:50:19
882,1143,347,2,2023-08-21 14:43:52,,inactive,2023-08-21 14:43:52,
594,1743,239,2,2023-08-29 04:15:45,2024-07-08 10:24:07,payment_failed,2023-08-29 04:15:45,2024-07-08 10:24:07
154,1325,63,2,2024-07-02 03:28:36,2025-04-22 19:27:16,,2024-07-02 03:28:36,2025-04-22 19:27:16
926,1889,361,2,2024-10-19 17:03:54,2025-01-19 12:22:28,fraud,2024-10-19 17:03:54,2025-01-19 12:22:28
76,1597,33,3,2024-07-02 05:25:23,2024-09-05 08:11:39,fraud,2024-07-02 05:25:23,2024-09-05 08:11:39
233,263,94,5,2024-11-12 23:15:12,,,2024-11-12 23:15:12,
783,439,310,4,2024-06-30 11:44:23,,,2024-06-30 11:44:23,
138,1042,57,2,2025-05-29 09:14:02,2025-05-30 05:14:31,owner_request,2025-05-29 09:14:02,2025-05-30 05:14:31
782,1639,309,3,2022-12-02 08:21:38,2023-11-29 15:33:37,owner_request,2022-12-02 08:21:38,2023-11-29 15:33:37
705,564,275,0,2025-03-18 14:42:45,,,2025-03-18 14:42:45,
546,284,223,7,2022-07-01 09:29:05,2024-10-02 04:44:10,inactive,2022-07-01 09:29:05,2024-10-02 04:44:10
993,568,385,3,2025-05-24 21:47:01,2025-05-25 19:39:34,owner_request,2025-05-24 21:47:01,2025-05-25 19:39:34
82,277,37,2,2021-08-29 17:28:39,2022-02-17 04:41:57,owner_request,2021-08-29 17:28:39,2022-02-17 04:41:57
640,1155,256,6,2023-10-19 04:14:41,2025-01-24 22:21:04,voluntary,2023-10-19 04:14:41,2025-01-24 22:21:04
150,365,61,2,2025-02-01 10:27:54,2025-02-15 10:28:47,fraud,2025-02-01 10:27:54,2025-02-15 10:28:47
886,1834,348,5,2025-05-13 09:57:57,,,2025-05-13 09:57:57,
627,628,249,0,2024-08-15 20:20:26,,,2024-08-15 20:20:26,
767,1410,301,1,2024-11-12 19:13:42,,,2024-11-12 19:13:42,
865,840,342,1,2025-02-23 07:54:04,,,2025-02-23 07:54:04,
548,1290,223,7,2024-08-17 13:37:50,2024-11-12 07:21:01,,2024-08-17 13:37:50,2024-11-12 07:21:01
511,1094,207,2,2024-05-20 18:05:10,2024-09-12 10:41:35,fraud,2024-05-20 18:05:10,2024-09-12 10:41:35
191,1502,75,2,2025-03-06 19:01:20,2025-03-23 01:41:50,owner_request,2025-03-06 19:01:20,2025-03-23 01:41:50
655,1719,259,3,2021-02-05 05:55:38,2022-06-09 17:48:12,inactive,2021-02-05 05:55:38,2022-06-09 17:48:12
192,671,77,1,2024-11-20 14:43:51,2025-05-13 19:56:45,,2024-11-20 14:43:51,2025-05-13 19:56:45
452,856,184,5,2023-03-04 16:26:42,,,2023-03-04 16:26:42,
216,780,86,0,2024-05-19 15:39:48,,,2024-05-19 15:39:48,
50,1329,22,1,2023-02-02 00:06:17,,,2023-02-02 00:06:17,
568,982,232,7,2022-11-15 15:49:16,2024-10-24 02:34:58,voluntary,2022-11-15 15:49:16,2024-10-24 02:34:58
163,1463,66,3,2024-10-06 11:13:12,2024-10-25 00:54:29,fraud,2024-10-06 11:13:12,2024-10-25 00:54:29
706,543,276,1,2024-02-18 19:46:24,,,2024-02-18 19:46:24,
64,1402,28,3,2021-08-16 04:24:54,2024-06-30 21:26:31,inactive,2021-08-16 04:24:54,2024-06-30 21:26:31
662,852,261,1,2024-04-12 01:26:07,,,2024-04-12 01:26:07,
69,869,30,3,2022-06-13 06:23:13,2022-06-14 14:01:13,owner_request,2022-06-13 06:23:13,2022-06-14 14:01:13
519,1660,210,1,2024-08-22 18:49:11,,,2024-08-22 18:49:11,
899,1302,352,0,2025-03-30 13:42:30,,,2025-03-30 13:42:30,
483,1692,196,1,2022-09-26 18:16:16,,,2022-09-26 18:16:16,
333,814,138,1,2025-05-03 22:50:30,,,2025-05-03 22:50:30,
609,125,246,6,2023-06-27 01:19:59,2023-11-26 02:31:04,owner_request,2023-06-27 01:19:59,2023-11-26 02:31:04
871,1424,343,2,2024-03-07 21:08:51,2024-10-30 08:51:01,inactive,2024-03-07 21:08:51,2024-10-30 08:51:01
612,1183,247,5,2025-05-21 10:00:00,,,2025-05-21 10:00:00,
73,1046,31,6,2025-04-01 23:10:28,2025-04-22 23:32:27,fraud,2025-04-01 23:10:28,2025-04-22 23:32:27
260,403,103,2,2023-11-12 14:35:42,2024-01-07 12:34:33,,2023-11-12 14:35:42,2024-01-07 12:34:33
973,562,380,1,2022-02-14 02:14:38,,,2022-02-14 02:14:38,
925,392,361,2,2023-06-24 08:34:11,2025-05-18 16:36:50,owner_request,2023-06-24 08:34:11,2025-05-18 16:36:50
167,718,110,4,2024-11-24 22:35:41,,,2024-11-24 22:35:41,
831,475,329,1,2024-07-16 03:54:04,,,2024-07-16 03:54:04,
715,601,279,1,2023-06-28 16:01:40,,,2023-06-28 16:01:40,
1013,722,392,1,2024-08-24 15:31:23,,,2024-08-24 15:31:23,
471,1957,192,1,2023-05-02 12:51:35,2023-06-16 10:23:41,,2023-05-02 12:51:35,2023-06-16 10:23:41
837,678,331,5,2023-07-30 03:14:09,,,2023-07-30 03:14:09,
572,341,233,1,2025-05-09 11:38:52,,,2025-05-09 11:38:52,
827,1614,327,0,2024-08-25 17:24:43,,,2024-08-25 17:24:43,
654,1330,259,3,2022-02-16 09:30:26,2025-05-04 02:33:42,,2022-02-16 09:30:26,2025-05-04 02:33:42
820,231,324,1,2024-08-29 03:31:28,,,2024-08-29 03:31:28,
3,316,2,5,2023-08-08 15:49:42,,,2023-08-08 15:49:42,
542,287,219,2,2023-09-01 02:13:12,2024-04-23 09:42:58,,2023-09-01 02:13:12,2024-04-23 09:42:58
622,1412,248,0,2024-05-10 15:22:49,,,2024-05-10 15:22:49,
821,849,324,1,2023-12-12 14:31:08,,,2023-12-12 14:31:08,
286,716,114,5,2024-04-21 00:00:32,,,2024-04-21 00:00:32,
232,1867,93,2,2025-03-10 04:38:20,2025-04-02 06:24:54,voluntary,2025-03-10 04:38:20,2025-04-02 06:24:54
487,801,199,5,2023-10-22 01:10:29,,,2023-10-22 01:10:29,
221,472,87,3,2024-11-05 02:57:34,2025-03-21 16:59:41,fraud,2024-11-05 02:57:34,2025-03-21 16:59:41
893,1073,351,4,2025-04-08 09:45:14,,,2025-04-08 09:45:14,
370,442,152,2,2024-11-08 07:13:13,,owner_request,2024-11-08 07:13:13,
758,1194,296,3,2025-01-11 10:44:40,2025-03-06 15:11:58,payment_failed,2025-01-11 10:44:40,2025-03-06 15:11:58
109,1973,48,2,2024-09-24 20:39:11,2025-03-10 09:17:14,fraud,2024-09-24 20:39:11,2025-03-10 09:17:14
513,1228,208,5,2024-06-29 10:31:09,,,2024-06-29 10:31:09,
194,1397,78,4,2024-09-30 07:44:13,,,2024-09-30 07:44:13,
503,1654,205,4,2022-09-14 15:01:39,,,2022-09-14 15:01:39,
651,1584,258,1,2023-04-14 18:59:53,,,2023-04-14 18:59:53,
463,1079,188,3,2025-04-01 01:09:38,2025-05-14 16:25:57,owner_request,2025-04-01 01:09:38,2025-05-14 16:25:57
556,1401,227,1,2025-02-01 16:20:57,,,2025-02-01 16:20:57,
608,372,245,4,2021-12-16 05:58:59,,,2021-12-16 05:58:59,
114,345,49,4,2023-10-02 08:32:52,,,2023-10-02 08:32:52,
415,750,169,2,2023-08-01 10:15:15,2023-08-27 02:24:21,payment_failed,2023-08-01 10:15:15,2023-08-27 02:24:21
577,1397,234,1,2025-02-21 13:14:39,,,2025-02-21 13:14:39,
71,465,30,2,2021-08-31 02:59:49,2023-12-05 08:20:01,,2021-08-31 02:59:49,2023-12-05 08:20:01
75,1414,32,1,2025-03-21 15:00:11,,,2025-03-21 15:00:11,
396,1480,163,2,2022-08-20 01:38:14,2024-09-29 02:57:37,inactive,2022-08-20 01:38:14,2024-09-29 02:57:37
107,1439,48,2,2022-07-19 06:01:45,2025-04-02 07:44:06,,2022-07-19 06:01:45,2025-04-02 07:44:06
494,1789,201,2,2024-12-25 14:08:25,2025-05-19 03:05:45,voluntary,2024-12-25 14:08:25,2025-05-19 03:05:45
376,1853,155,2,2024-07-20 08:17:07,2024-07-22 20:30:35,owner_request,2024-07-20 08:17:07,2024-07-22 20:30:35
913,344,355,3,2022-11-18 05:25:50,2024-11-03 16:22:22,payment_failed,2022-11-18 05:25:50,2024-11-03 16:22:22
995,1301,385,5,2025-04-11 21:03:34,,,2025-04-11 21:03:34,
867,1216,343,1,2020-08-29 13:38:57,,,2020-08-29 13:38:57,
93,549,43,0,2025-04-11 02:35:49,,,2025-04-11 02:35:49,
741,60,289,1,2025-05-02 23:20:57,2025-05-26 10:13:17,,2025-05-02 23:20:57,2025-05-26 10:13:17
249,1981,100,1,2024-09-15 12:33:34,,,2024-09-15 12:33:34,
288,91,115,4,2022-11-18 12:59:10,,,2022-11-18 12:59:10,
901,1045,353,4,2023-07-23 13:48:29,,,2023-07-23 13:48:29,
689,634,268,5,2022-08-02 11:13:10,,,2022-08-02 11:13:10,
479,399,194,1,2024-10-17 06:34:06,,,2024-10-17 06:34:06,
749,335,294,0,2025-03-17 06:28:58,,,2025-03-17 06:28:58,
17,306,10,1,2025-03-20 09:09:25,,,2025-03-20 09:09:25,
625,1752,249,2,2023-01-30 00:02:01,2024-01-11 08:53:43,,2023-01-30 00:02:01,2024-01-11 08:53:43
694,1605,269,1,2025-04-24 17:45:46,,,2025-04-24 17:45:46,
781,666,307,1,2024-01-27 17:33:49,,,2024-01-27 17:33:49,
81,1181,37,6,2024-10-24 04:04:07,2025-04-16 11:08:51,inactive,2024-10-24 04:04:07,2025-04-16 11:08:51
574,416,234,1,2022-06-13 20:08:39,,,2022-06-13 20:08:39,
87,1543,40,1,2023-04-21 08:31:01,,,2023-04-21 08:31:01,
914,584,356,2,2023-11-07 20:04:48,2025-01-19 03:01:35,payment_failed,2023-11-07 20:04:48,2025-01-19 03:01:35
304,1259,123,1,2022-02-22 21:01:11,,,2022-02-22 21:01:11,
653,634,258,2,2023-04-08 15:17:54,2025-04-16 11:49:12,payment_failed,2023-04-08 15:17:54,2025-04-16 11:49:12
416,174,170,6,2022-12-13 20:30:24,2023-03-14 23:02:25,voluntary,2022-12-13 20:30:24,2023-03-14 23:02:25
307,1361,124,6,2022-04-06 03:32:37,2025-02-15 11:05:57,,2022-04-06 03:32:37,2025-02-15 11:05:57
918,1361,358,2,2024-11-13 13:43:23,2025-04-03 13:45:19,,2024-11-13 13:43:23,2025-04-03 13:45:19
947,1665,369,5,2025-01-14 02:11:36,,,2025-01-14 02:11:36,
754,1247,295,1,2024-06-30 11:17:09,,,2024-06-30 11:17:09,
18,705,10,3,2024-09-30 08:47:12,2025-04-21 16:50:12,owner_request,2024-09-30 08:47:12,2025-04-21 16:50:12
305,848,124,4,2023-12-03 02:46:28,,,2023-12-03 02:46:28,
13,704,8,3,2022-02-14 15:02:14,2024-07-07 04:06:23,voluntary,2022-02-14 15:02:14,2024-07-07 04:06:23
177,1772,71,1,2025-02-13 19:27:04,,,2025-02-13 19:27:04,
932,797,362,5,2022-10-18 19:48:36,,,2022-10-18 19:48:36,
711,1882,278,3,2023-04-20 00:26:42,2025-05-25 09:14:39,,2023-04-20 00:26:42,2025-05-25 09:14:39
971,538,380,1,2023-03-28 13:43:46,,,2023-03-28 13:43:46,
507,469,206,3,2024-04-28 16:18:10,2024-12-09 02:21:30,voluntary,2024-04-28 16:18:10,2024-12-09 02:21:30
19,717,11,1,2024-01-14 18:10:56,,,2024-01-14 18:10:56,
383,790,237,2,2025-04-20 12:33:02,2025-05-23 08:13:08,owner_request,2025-04-20 12:33:02,2025-05-23 08:13:08
36,679,18,2,2024-11-05 22:31:42,2025-02-24 17:08:06,,2024-11-05 22:31:42,2025-02-24 17:08:06
123,1457,52,1,2023-11-17 03:28:55,,,2023-11-17 03:28:55,
1012,168,391,6,2022-12-05 17:11:19,2024-06-09 22:08:43,payment_failed,2022-12-05 17:11:19,2024-06-09 22:08:43
1031,874,397,3,2023-11-20 00:01:45,2024-05-05 09:07:24,inactive,2023-11-20 00:01:45,2024-05-05 09:07:24
340,669,140,2,2023-12-02 04:12:14,2024-08-20 18:19:17,owner_request,2023-12-02 04:12:14,2024-08-20 18:19:17
603,908,242,1,2024-03-13 03:47:13,,,2024-03-13 03:47:13,
1021,446,395,1,2024-12-27 03:25:43,,,2024-12-27 03:25:43,
117,1507,50,1,2024-09-18 18:20:13,,,2024-09-18 18:20:13,
661,1702,260,7,2020-12-25 07:31:23,2022-05-29 10:35:39,fraud,2020-12-25 07:31:23,2022-05-29 10:35:39
1033,822,397,0,2024-06-17 17:58:18,,,2024-06-17 17:58:18,
289,1591,116,1,2025-01-24 17:34:42,,,2025-01-24 17:34:42,
48,500,20,2,2025-03-21 16:41:18,2025-05-20 04:53:25,voluntary,2025-03-21 16:41:18,2025-05-20 04:53:25
565,1949,231,2,2025-03-07 14:46:48,2025-03-29 16:36:37,,2025-03-07 14:46:48,2025-03-29 16:36:37
162,148,66,7,2024-01-19 13:42:14,2024-06-19 22:41:40,payment_failed,2024-01-19 13:42:14,2024-06-19 22:41:40
950,866,370,1,2022-04-20 09:50:46,,,2022-04-20 09:50:46,
943,1753,368,5,2025-04-11 09:31:42,,,2025-04-11 09:31:42,
1000,741,388,2,2025-05-21 02:07:21,2025-05-24 12:19:51,,2025-05-21 02:07:21,2025-05-24 12:19:51
830,1756,329,7,2025-05-09 22:57:41,2025-05-20 18:12:17,,2025-05-09 22:57:41,2025-05-20 18:12:17
696,1639,271,2,2024-09-17 11:58:59,2025-05-14 11:42:44,,2024-09-17 11:58:59,2025-05-14 11:42:44
539,1963,217,3,2021-11-11 05:21:39,2025-01-19 01:38:35,voluntary,2021-11-11 05:21:39,2025-01-19 01:38:35
41,1756,19,2,2025-02-20 06:40:22,2025-05-14 06:19:05,payment_failed,2025-02-20 06:40:22,2025-05-14 06:19:05
101,374,45,1,2024-06-08 10:31:27,,,2024-06-08 10:31:27,
814,298,321,2,2025-01-02 09:32:43,2025-01-08 17:11:59,owner_request,2025-01-02 09:32:43,2025-01-08 17:11:59
582,1399,236,5,2022-05-12 17:16:27,,,2022-05-12 17:16:27,
729,1852,286,2,2025-02-03 23:45:35,2025-02-13 05:03:39,fraud,2025-02-03 23:45:35,2025-02-13 05:03:39
773,1653,304,2,2024-05-15 13:52:00,2024-10-12 09:00:44,,2024-05-15 13:52:00,2024-10-12 09:00:44
377,620,155,1,2024-07-11 16:14:26,,,2024-07-11 16:14:26,
855,245,338,1,2024-06-23 22:53:24,,,2024-06-23 22:53:24,
290,619,117,0,2025-01-16 23:34:56,,,2025-01-16 23:34:56,
367,1556,151,7,2025-02-18 01:26:56,2025-03-13 23:36:54,payment_failed,2025-02-18 01:26:56,2025-03-13 23:36:54
862,1985,341,4,2022-12-31 12:49:45,,,2022-12-31 12:49:45,
550,1211,224,1,2021-03-12 21:04:58,,,2021-03-12 21:04:58,
306,1973,124,1,2022-02-19 18:46:49,,,2022-02-19 18:46:49,
911,65,355,1,2021-08-13 07:28:11,,,2021-08-13 07:28:11,
917,1548,358,4,2024-10-10 18:39:20,,,2024-10-10 18:39:20,
657,1884,259,0,2024-01-14 03:57:52,,,2024-01-14 03:57:52,
323,1174,132,7,2021-09-25 03:33:55,2024-07-18 14:21:13,,2021-09-25 03:33:55,2024-07-18 14:21:13
811,434,320,4,2025-05-13 21:36:12,,,2025-05-13 21:36:12,
850,736,336,3,2025-03-20 16:48:51,2025-05-15 09:48:52,inactive,2025-03-20 16:48:51,2025-05-15 09:48:52
435,975,176,0,2023-04-17 05:55:29,,,2023-04-17 05:55:29,
712,939,278,2,2023-01-02 23:21:08,2025-04-13 14:06:02,voluntary,2023-01-02 23:21:08,2025-04-13 14:06:02
108,1896,48,1,2022-06-26 11:20:06,,,2022-06-26 11:20:06,
278,1487,111,5,2023-09-04 19:37:57,,,2023-09-04 19:37:57,
214,699,85,1,2022-05-10 18:50:23,,,2022-05-10 18:50:23,
61,1600,27,4,2025-05-26 14:51:03,,,2025-05-26 14:51:03,
578,811,235,1,2022-08-26 12:45:02,,,2022-08-26 12:45:02,
1020,1906,395,1,2024-04-18 07:28:08,,,2024-04-18 07:28:08,
617,1458,247,0,2024-10-06 17:56:52,,,2024-10-06 17:56:52,
810,1419,319,3,2022-01-13 12:01:55,2024-05-17 12:47:24,owner_request,2022-01-13 12:01:55,2024-05-17 12:47:24
311,879,126,1,2025-04-10 14:12:31,,,2025-04-10 14:12:31,
180,1544,72,5,2024-03-13 13:43:19,,,2024-03-13 13:43:19,
639,1155,255,4,2024-09-17 22:13:08,,,2024-09-17 22:13:08,
906,686,354,1,2022-03-04 10:00:18,,,2022-03-04 10:00:18,
890,478,350,4,2025-04-11 20:47:14,,,2025-04-11 20:47:14,
277,885,110,3,2025-04-16 02:31:53,2025-04-21 01:11:36,owner_request,2025-04-16 02:31:53,2025-04-21 01:11:36
1001,437,388,2,2023-08-28 01:29:51,2024-10-15 04:48:49,payment_failed,2023-08-28 01:29:51,2024-10-15 04:48:49
604,1609,243,7,2025-01-21 06:17:32,2025-05-07 17:19:53,payment_failed,2025-01-21 06:17:32,2025-05-07 17:19:53
649,1711,258,6,2023-09-24 21:20:17,2024-08-19 06:55:38,inactive,2023-09-24 21:20:17,2024-08-19 06:55:38
938,144,366,2,2025-05-09 07:46:22,2025-05-24 19:55:06,voluntary,2025-05-09 07:46:22,2025-05-24 19:55:06
29,67,15,1,2025-05-22 17:25:51,,,2025-05-22 17:25:51,
26,1077,14,2,2022-11-06 20:38:26,2024-09-23 14:24:27,fraud,2022-11-06 20:38:26,2024-09-23 14:24:27
319,206,128,1,2025-04-02 11:06:10,,,2025-04-02 11:06:10,
438,1452,177,1,2023-05-30 19:16:48,,,2023-05-30 19:16:48,
1002,306,389,1,2023-06-18 17:54:20,,,2023-06-18 17:54:20,
529,1896,214,1,2025-02-14 15:08:00,,,2025-02-14 15:08:00,
102,1171,46,1,2022-10-16 11:22:38,,,2022-10-16 11:22:38,
439,1958,178,2,2023-05-29 07:05:52,2024-11-21 15:41:24,voluntary,2023-05-29 07:05:52,2024-11-21 15:41:24
1053,943,491,1,2024-08-23 04:36:07,,,2024-08-23 04:36:07,
557,880,227,1,2025-02-18 16:27:12,,,2025-02-18 16:27:12,
621,704,248,3,2024-02-18 03:51:21,2024-10-06 09:43:32,,2024-02-18 03:51:21,2024-10-06 09:43:32
852,1696,336,1,2025-01-17 01:24:31,,,2025-01-17 01:24:31,
753,819,294,1,2025-04-26 04:55:57,,,2025-04-26 04:55:57,
1040,1132,399,3,2024-12-08 13:36:17,2025-03-29 18:39:19,owner_request,2024-12-08 13:36:17,2025-03-29 18:39:19
924,268,359,6,2024-11-28 02:25:02,2024-12-03 22:12:05,,2024-11-28 02:25:02,2024-12-03 22:12:05
900,1767,353,3,2022-11-22 13:22:26,2023-03-27 07:16:26,,2022-11-22 13:22:26,2023-03-27 07:16:26
417,1934,170,4,2021-08-19 23:11:07,,,2021-08-19 23:11:07,
931,1219,362,1,2024-01-24 09:57:59,,,2024-01-24 09:57:59,
992,555,385,1,2025-05-25 15:35:42,,,2025-05-25 15:35:42,
598,1089,240,0,2025-04-24 07:21:58,,,2025-04-24 07:21:58,
383,742,157,1,2024-02-16 09:02:29,,,2024-02-16 09:02:29,
78,168,34,2,2024-12-16 15:01:37,2025-01-10 12:51:59,inactive,2024-12-16 15:01:37,2025-01-10 12:51:59
62,1915,28,1,2023-09-22 17:01:24,,,2023-09-22 17:01:24,
152,1760,63,2,2024-05-26 18:58:30,2025-04-30 04:01:01,,2024-05-26 18:58:30,2025-04-30 04:01:01
569,728,232,7,2024-05-16 15:10:37,2024-11-12 10:48:10,,2024-05-16 15:10:37,2024-11-12 10:48:10
652,138,258,3,2024-07-29 11:17:52,2024-10-04 12:27:05,voluntary,2024-07-29 11:17:52,2024-10-04 12:27:05
366,1801,149,5,2025-05-08 01:12:17,,,2025-05-08 01:12:17,
312,1632,126,1,2024-05-21 16:15:45,,,2024-05-21 16:15:45,
526,1015,214,3,2025-05-18 02:31:49,2025-05-22 20:45:10,,2025-05-18 02:31:49,2025-05-22 20:45:10
686,360,268,1,2020-09-12 21:04:47,,,2020-09-12 21:04:47,
881,557,347,1,2024-10-06 02:07:21,,,2024-10-06 02:07:21,
226,1316,89,3,2023-08-02 14:23:25,2023-11-25 02:29:43,,2023-08-02 14:23:25,2023-11-25 02:29:43
535,672,216,2,2025-03-07 22:27:35,2025-05-29 04:00:28,,2025-03-07 22:27:35,2025-05-29 04:00:28
490,947,199,1,2021-09-17 06:55:33,,,2021-09-17 06:55:33,
173,122,70,4,2024-12-09 19:47:03,,,2024-12-09 19:47:03,
112,471,49,1,2022-10-01 23:39:26,,,2022-10-01 23:39:26,
421,497,170,2,2023-06-01 12:39:42,2024-11-14 02:39:04,fraud,2023-06-01 12:39:42,2024-11-14 02:39:04
888,1689,349,0,2024-02-29 13:40:33,,,2024-02-29 13:40:33,
977,1015,381,2,2024-12-10 15:33:49,2025-04-11 23:38:42,fraud,2024-12-10 15:33:49,2025-04-11 23:38:42
552,1349,224,7,2022-02-28 17:16:15,2022-10-04 01:34:04,,2022-02-28 17:16:15,2022-10-04 01:34:04
455,1450,185,3,2024-08-06 01:48:49,2024-09-09 11:34:43,inactive,2024-08-06 01:48:49,2024-09-09 11:34:43
592,1625,239,1,2021-06-18 09:17:42,,,2021-06-18 09:17:42,
737,1669,288,2,2025-05-05 19:50:27,2025-05-28 04:05:45,voluntary,2025-05-05 19:50:27,2025-05-28 04:05:45
762,1818,299,0,2023-08-08 12:45:44,,,2023-08-08 12:45:44,
172,611,69,1,2024-06-26 20:53:08,,,2024-06-26 20:53:08,
499,1888,204,3,2022-11-04 21:48:19,2023-10-30 11:06:20,payment_failed,2022-11-04 21:48:19,2023-10-30 11:06:20
339,1273,140,1,2025-02-04 17:25:40,,,2025-02-04 17:25:40,
100,521,45,2,2024-12-20 05:53:14,2025-03-11 23:45:29,payment_failed,2024-12-20 05:53:14,2025-03-11 23:45:29
697,1205,271,0,2025-03-29 23:37:31,,,2025-03-29 23:37:31,
667,1242,262,1,2025-01-18 01:11:22,,,2025-01-18 01:11:22,
933,93,362,1,2023-07-21 09:08:27,,,2023-07-21 09:08:27,
675,391,265,6,2022-03-07 17:23:18,2023-04-19 12:25:05,payment_failed,2022-03-07 17:23:18,2023-04-19 12:25:05
359,307,147,2,2025-03-05 18:59:27,2025-04-19 01:21:14,payment_failed,2025-03-05 18:59:27,2025-04-19 01:21:14
133,1072,56,2,2025-01-05 22:00:16,2025-03-19 09:19:28,inactive,2025-01-05 22:00:16,2025-03-19 09:19:28
1034,373,397,1,2023-08-20 06:43:50,,,2023-08-20 06:43:50,
584,230,237,3,2024-02-02 10:51:25,2024-07-23 04:42:43,voluntary,2024-02-02 10:51:25,2024-07-23 04:42:43
493,14,201,1,2024-09-24 20:06:52,,,2024-09-24 20:06:52,
759,1303,296,2,2024-11-13 22:27:06,2025-02-02 01:34:37,voluntary,2024-11-13 22:27:06,2025-02-02 01:34:37
663,555,261,1,2023-05-17 18:25:49,,,2023-05-17 18:25:49,
1032,1479,397,2,2024-04-21 08:46:15,2025-03-22 01:07:04,inactive,2024-04-21 08:46:15,2025-03-22 01:07:04
274,695,109,3,2022-02-21 07:51:40,2023-12-20 10:41:42,owner_request,2022-02-21 07:51:40,2023-12-20 10:41:42
408,702,166,2,2024-07-03 01:29:52,2024-12-29 15:44:57,inactive,2024-07-03 01:29:52,2024-12-29 15:44:57
876,684,345,1,2024-08-27 04:44:26,,,2024-08-27 04:44:26,
732,1394,286,1,2025-05-20 13:44:41,,,2025-05-20 13:44:41,
887,1538,349,1,2025-04-13 12:47:02,,,2025-04-13 12:47:02,
431,1621,174,1,2024-11-16 06:41:46,,,2024-11-16 06:41:46,
538,49,217,1,2022-05-24 13:19:32,,,2022-05-24 13:19:32,
684,1510,267,0,2024-12-29 06:58:00,,,2024-12-29 06:58:00,
561,1889,230,2,2024-02-26 01:42:28,2024-06-23 02:09:01,voluntary,2024-02-26 01:42:28,2024-06-23 02:09:01
9,1553,5,4,2025-03-27 13:08:51,,,2025-03-27 13:08:51,
20,84,11,5,2025-02-13 23:45:57,,,2025-02-13 23:45:57,
308,1728,124,2,2023-08-05 16:46:41,2023-12-02 19:45:29,fraud,2023-08-05 16:46:41,2023-12-02 19:45:29
85,916,94,4,2024-10-21 06:49:38,,,2024-10-21 06:49:38,
298,225,119,4,2025-04-17 15:56:51,,,2025-04-17 15:56:51,
941,1535,366,4,2023-12-30 15:47:46,,,2023-12-30 15:47:46,
560,1431,230,4,2022-07-17 12:41:07,,,2022-07-17 12:41:07,
420,1081,170,1,2022-12-27 17:36:48,,,2022-12-27 17:36:48,
405,487,166,1,2025-05-01 01:15:16,,,2025-05-01 01:15:16,
293,86,117,3,2025-03-15 14:03:40,2025-05-03 01:32:47,owner_request,2025-03-15 14:03:40,2025-05-03 01:32:47
722,839,282,5,2024-08-25 13:04:12,,,2024-08-25 13:04:12,
484,1039,196,6,2025-05-17 03:46:44,2025-05-25 07:59:14,voluntary,2025-05-17 03:46:44,2025-05-25 07:59:14
74,58,31,2,2025-02-21 05:03:10,2025-05-26 15:56:26,,2025-02-21 05:03:10,2025-05-26 15:56:26
225,1469,89,0,2025-04-05 22:00:05,,,2025-04-05 22:00:05,
860,1148,341,6,2024-09-08 09:14:03,2025-05-12 00:46:33,payment_failed,2024-09-08 09:14:03,2025-05-12 00:46:33
110,464,49,7,2023-09-28 00:16:55,2025-03-29 15:32:53,payment_failed,2023-09-28 00:16:55,2025-03-29 15:32:53
63,798,28,2,2021-08-11 16:38:36,2023-07-17 05:04:36,fraud,2021-08-11 16:38:36,2023-07-17 05:04:36
59,495,27,2,2024-01-23 01:20:07,2024-02-13 11:32:54,,2024-01-23 01:20:07,2024-02-13 11:32:54
962,1240,376,5,2024-10-26 19:01:20,,,2024-10-26 19:01:20,
143,1631,59,6,2024-08-16 19:57:36,2025-02-06 19:54:37,voluntary,2024-08-16 19:57:36,2025-02-06 19:54:37
521,767,211,1,2024-01-23 21:57:31,,,2024-01-23 21:57:31,
1061,946,486,1,2024-03-30 18:37:38,,,2024-03-30 18:37:38,
553,1649,224,5,2024-01-21 10:03:18,,,2024-01-21 10:03:18,
921,221,359,1,2023-11-16 01:46:29,,,2023-11-16 01:46:29,
825,1543,325,6,2022-08-06 14:44:50,2023-08-01 04:43:38,fraud,2022-08-06 14:44:50,2023-08-01 04:43:38
246,1504,99,2,2023-04-03 01:27:25,2025-04-09 20:38:54,owner_request,2023-04-03 01:27:25,2025-04-09 20:38:54
709,964,277,1,2025-02-19 03:41:43,,,2025-02-19 03:41:43,
857,622,338,3,2024-07-31 09:21:33,2024-11-25 15:57:27,,2024-07-31 09:21:33,2024-11-25 15:57:27
201,1132,91,1,2023-11-29 00:45:19,,,2023-11-29 00:45:19,
780,1871,307,1,2023-11-11 16:06:53,,,2023-11-11 16:06:53,
878,708,346,7,2024-02-05 22:52:56,2024-11-20 06:52:07,fraud,2024-02-05 22:52:56,2024-11-20 06:52:07
1054,38,440,1,2024-11-21 22:20:11,,,2024-11-21 22:20:11,
543,1566,219,5,2025-03-24 22:18:25,,,2025-03-24 22:18:25,
166,85,67,2,2023-09-06 00:24:34,2024-11-09 12:42:49,inactive,2023-09-06 00:24:34,2024-11-09 12:42:49
388,1086,161,2,2024-08-10 06:23:03,2025-04-23 00:30:04,,2024-08-10 06:23:03,2025-04-23 00:30:04
602,1354,242,2,2024-05-19 09:45:47,2024-07-28 17:14:25,voluntary,2024-05-19 09:45:47,2024-07-28 17:14:25
224,949,89,1,2023-10-18 12:25:02,,,2023-10-18 12:25:02,
77,132,34,6,2023-11-24 15:01:04,2024-01-02 08:50:25,fraud,2023-11-24 15:01:04,2024-01-02 08:50:25
331,1977,136,2,2025-04-05 20:40:50,2025-04-28 03:22:47,owner_request,2025-04-05 20:40:50,2025-04-28 03:22:47
67,1733,29,2,2024-12-03 07:32:58,2025-01-27 22:42:55,,2024-12-03 07:32:58,2025-01-27 22:42:55
798,1691,316,4,2024-02-07 14:28:49,,,2024-02-07 14:28:49,
378,1128,156,2,2024-07-31 08:21:58,2025-01-20 19:15:38,inactive,2024-07-31 08:21:58,2025-01-20 19:15:38
720,228,280,5,2022-04-04 09:13:30,,,2022-04-04 09:13:30,
32,1029,17,5,2023-06-10 12:57:26,,,2023-06-10 12:57:26,
429,461,174,1,2024-07-22 12:46:33,,,2024-07-22 12:46:33,
567,1672,232,1,2022-04-10 13:16:14,,,2022-04-10 13:16:14,
699,678,272,2,2022-05-27 00:19:40,2024-11-09 05:16:51,inactive,2022-05-27 00:19:40,2024-11-09 05:16:51
671,245,264,0,2024-04-10 17:16:31,,,2024-04-10 17:16:31,
477,1417,194,1,2024-06-13 01:28:32,,,2024-06-13 01:28:32,
430,568,174,5,2024-10-26 01:52:56,,,2024-10-26 01:52:56,
186,1517,73,3,2023-08-01 06:48:42,2024-05-13 18:51:44,fraud,2023-08-01 06:48:42,2024-05-13 18:51:44
736,74,287,1,2023-05-19 08:44:00,,,2023-05-19 08:44:00,
928,324,361,1,2024-10-09 05:35:17,,,2024-10-09 05:35:17,
596,326,239,1,2023-10-25 20:17:42,,,2023-10-25 20:17:42,
953,150,371,6,2025-02-23 11:31:09,2025-05-30 19:10:16,owner_request,2025-02-23 11:31:09,2025-05-30 19:10:16
300,1620,119,2,2025-02-14 08:47:44,2025-04-01 23:59:18,owner_request,2025-02-14 08:47:44,2025-04-01 23:59:18
863,838,342,1,2025-04-02 13:18:40,2025-05-25 02:15:53,,2025-04-02 13:18:40,2025-05-25 02:15:53
791,1283,315,2,2025-02-11 10:09:10,2025-04-10 18:05:05,,2025-02-11 10:09:10,2025-04-10 18:05:05
175,595,71,1,2025-04-25 12:27:59,,,2025-04-25 12:27:59,
1010,263,391,3,2021-05-19 00:13:58,2021-07-11 13:14:28,fraud,2021-05-19 00:13:58,2021-07-11 13:14:28
464,1830,188,1,2025-01-10 15:11:38,,,2025-01-10 15:11:38,
555,1918,226,1,2022-04-16 17:16:39,,,2022-04-16 17:16:39,
927,1242,361,1,2025-01-29 20:45:34,,,2025-01-29 20:45:34,
1009,1867,390,2,2025-01-03 19:26:48,2025-05-01 03:07:00,payment_failed,2025-01-03 19:26:48,2025-05-01 03:07:00
465,1245,188,1,2025-05-25 12:23:58,,,2025-05-25 12:23:58,
223,1732,89,2,2024-02-08 07:47:20,2025-05-31 12:58:53,fraud,2024-02-08 07:47:20,2025-05-31 12:58:53
14,286,8,2,2023-12-31 10:34:44,2024-06-29 01:26:43,,2023-12-31 10:34:44,2024-06-29 01:26:43
168,1928,67,5,2022-09-22 18:21:13,,,2022-09-22 18:21:13,
874,1387,344,1,2023-06-30 05:23:17,,,2023-06-30 05:23:17,
691,1595,269,1,2025-01-23 01:09:21,,,2025-01-23 01:09:21,
601,365,241,7,2023-12-14 18:25:11,2024-06-02 18:58:16,owner_request,2023-12-14 18:25:11,2024-06-02 18:58:16
961,1672,376,1,2024-01-15 15:48:18,,,2024-01-15 15:48:18,
355,1728,146,2,2023-12-18 05:30:27,2024-09-10 18:18:20,fraud,2023-12-18 05:30:27,2024-09-10 18:18:20
205,1795,81,2,2023-08-22 17:22:30,2025-03-23 01:01:54,,2023-08-22 17:22:30,2025-03-23 01:01:54
145,1933,60,3,2024-10-22 01:45:01,2025-03-20 08:14:23,fraud,2024-10-22 01:45:01,2025-03-20 08:14:23
866,1574,342,5,2024-10-27 09:12:40,,,2024-10-27 09:12:40,
540,942,219,2,2023-08-31 00:27:47,2025-05-03 21:46:15,owner_request,2023-08-31 00:27:47,2025-05-03 21:46:15
68,1408,29,3,2022-11-30 21:24:21,2023-03-17 20:13:41,owner_request,2022-11-30 21:24:21,2023-03-17 20:13:41
285,439,114,1,2024-12-07 05:41:40,,,2024-12-07 05:41:40,
255,812,102,5,2025-03-02 14:50:39,,,2025-03-02 14:50:39,
936,238,365,1,2024-11-05 00:39:04,,,2024-11-05 00:39:04,
368,1625,151,1,2024-11-30 02:30:00,,,2024-11-30 02:30:00,
164,618,66,5,2022-05-17 00:12:35,,,2022-05-17 00:12:35,
422,511,172,4,2023-03-02 17:29:31,,,2023-03-02 17:29:31,
580,622,235,2,2024-03-11 11:34:16,2024-09-26 06:30:17,,2024-03-11 11:34:16,2024-09-26 06:30:17
1037,1535,398,2,2022-11-02 15:39:10,,fraud,2022-11-02 15:39:10,
58,1328,26,1,2025-02-25 18:29:33,,,2025-02-25 18:29:33,
369,414,151,1,2025-01-20 03:59:45,,,2025-01-20 03:59:45,
629,1803,250,1,2022-04-02 15:43:39,2024-11-30 18:17:12,,2022-04-02 15:43:39,2024-11-30 18:17:12
281,947,112,5,2025-04-04 06:49:11,,,2025-04-04 06:49:11,
294,946,117,1,2024-02-26 19:32:34,,,2024-02-26 19:32:34,
16,1346,9,2,2025-04-07 13:05:35,2025-05-04 05:21:23,,2025-04-07 13:05:35,2025-05-04 05:21:23
930,1906,362,1,2023-08-10 03:10:04,,,2023-08-10 03:10:04,
856,168,338,7,2024-07-04 10:35:25,2025-01-16 12:00:54,payment_failed,2024-07-04 10:35:25,2025-01-16 12:00:54
974,736,380,6,2023-09-21 09:16:09,2025-02-07 16:15:33,fraud,2023-09-21 09:16:09,2025-02-07 16:15:33
453,1052,184,2,2024-12-29 04:16:51,,inactive,2024-12-29 04:16:51,
501,1173,204,4,2023-08-25 10:59:30,,,2023-08-25 10:59:30,
664,40,261,1,2024-01-14 13:57:34,,,2024-01-14 13:57:34,
885,1428,348,1,2024-12-14 09:36:35,,,2024-12-14 09:36:35,
665,1286,261,6,2022-05-19 06:16:44,2023-11-02 12:52:15,payment_failed,2022-05-19 06:16:44,2023-11-02 12:52:15
615,749,247,2,2025-02-12 05:22:00,2025-05-22 15:56:02,fraud,2025-02-12 05:22:00,2025-05-22 15:56:02
80,191,53,2,2023-12-03 13:19:25,2025-01-27 08:34:23,,2023-12-03 13:19:25,2025-01-27 08:34:23
854,150,338,3,2025-05-22 12:07:22,2025-05-22 12:42:49,fraud,2025-05-22 12:07:22,2025-05-22 12:42:49
243,430,99,1,2022-03-27 19:11:21,,,2022-03-27 19:11:21,
632,1397,253,0,2024-11-13 20:51:33,,,2024-11-13 20:51:33,
338,754,140,1,2024-11-24 01:40:45,,,2024-11-24 01:40:45,
336,1506,140,0,2025-05-07 08:13:45,,,2025-05-07 08:13:45,
80,1387,37,2,2024-07-26 11:45:34,2025-05-05 15:26:54,,2024-07-26 11:45:34,2025-05-05 15:26:54
418,135,170,2,2022-11-13 09:21:45,2024-04-06 07:44:17,fraud,2022-11-13 09:21:45,2024-04-06 07:44:17
751,922,294,2,2025-04-25 19:13:57,2025-05-10 00:48:08,voluntary,2025-04-25 19:13:57,2025-05-10 00:48:08
942,987,366,4,2024-05-28 07:58:08,,,2024-05-28 07:58:08,
1057,1855,462,1,2024-03-28 01:25:55,,,2024-03-28 01:25:55,
769,460,302,1,2025-04-22 08:32:08,,,2025-04-22 08:32:08,
343,753,141,7,2024-12-22 13:07:23,2025-04-14 17:39:54,,2024-12-22 13:07:23,2025-04-14 17:39:54
504,313,206,1,2024-11-15 04:46:15,,,2024-11-15 04:46:15,
99,1804,45,1,2025-03-01 20:28:20,,,2025-03-01 20:28:20,
354,89,146,1,2024-12-16 23:07:56,,,2024-12-16 23:07:56,
132,1766,56,1,2024-01-14 23:06:03,,,2024-01-14 23:06:03,
716,142,279,1,2023-02-14 12:15:16,,,2023-02-14 12:15:16,
437,99,177,1,2023-07-25 07:43:46,,,2023-07-25 07:43:46,
139,1058,58,1,2025-05-19 21:19:52,,,2025-05-19 21:19:52,
514,831,208,0,2024-01-30 22:00:47,,,2024-01-30 22:00:47,
892,1323,351,6,2025-05-23 03:19:15,2025-05-30 17:38:17,voluntary,2025-05-23 03:19:15,2025-05-30 17:38:17
146,1399,60,1,2024-12-23 11:34:31,,,2024-12-23 11:34:31,
1006,904,389,2,2024-02-28 22:55:24,2024-12-19 20:52:29,fraud,2024-02-28 22:55:24,2024-12-19 20:52:29
158,756,64,6,2022-05-10 07:17:20,2025-05-14 07:39:23,fraud,2022-05-10 07:17:20,2025-05-14 07:39:23
85,1962,38,1,2023-04-06 00:31:22,,,2023-04-06 00:31:22,
904,1572,354,1,2020-11-28 10:22:00,,,2020-11-28 10:22:00,
106,1290,48,6,2023-04-09 06:22:20,2023-05-29 03:32:11,inactive,2023-04-09 06:22:20,2023-05-29 03:32:11
544,126,220,3,2022-10-06 11:53:32,2025-01-05 14:50:30,voluntary,2022-10-06 11:53:32,2025-01-05 14:50:30
916,812,358,3,2022-12-21 13:02:38,2023-11-09 11:06:00,,2022-12-21 13:02:38,2023-11-09 11:06:00
793,1267,315,6,2024-07-06 04:34:04,2025-05-10 05:34:25,,2024-07-06 04:34:04,2025-05-10 05:34:25
329,1256,136,1,2024-05-27 15:57:45,,,2024-05-27 15:57:45,
271,1591,108,5,2023-04-28 17:22:36,,,2023-04-28 17:22:36,
998,1338,387,7,2021-08-31 03:47:51,2025-01-31 03:46:42,,2021-08-31 03:47:51,2025-01-31 03:46:42
525,1970,213,5,2025-02-12 12:10:06,,,2025-02-12 12:10:06,
682,171,267,1,2025-04-27 17:43:44,,,2025-04-27 17:43:44,
770,294,303,6,2023-01-06 14:20:51,2025-04-08 07:01:28,,2023-01-06 14:20:51,2025-04-08 07:01:28
824,1864,325,1,2022-08-15 01:17:51,,,2022-08-15 01:17:51,
444,1969,179,6,2023-12-26 07:58:19,2024-02-17 10:41:53,inactive,2023-12-26 07:58:19,2024-02-17 10:41:53
358,804,147,6,2024-04-21 05:42:04,2025-01-27 10:56:20,owner_request,2024-04-21 05:42:04,2025-01-27 10:56:20
849,414,336,1,2025-05-05 05:46:19,,,2025-05-05 05:46:19,
219,1297,86,1,2025-03-30 22:53:39,,,2025-03-30 22:53:39,
448,893,183,1,2025-01-05 07:47:45,,,2025-01-05 07:47:45,
287,996,115,2,2025-05-25 07:58:03,2025-05-31 06:02:57,owner_request,2025-05-25 07:58:03,2025-05-31 06:02:57
677,1237,265,7,2022-01-08 07:09:25,2024-05-21 14:01:05,,2022-01-08 07:09:25,2024-05-21 14:01:05
714,1032,278,2,2024-06-06 20:33:27,2024-11-30 13:25:40,inactive,2024-06-06 20:33:27,2024-11-30 13:25:40
48,622,142,1,2022-04-07 00:21:04,,,2022-04-07 00:21:04,
57,177,25,7,2025-03-22 12:48:59,2025-04-28 11:09:20,inactive,2025-03-22 12:48:59,2025-04-28 11:09:20
237,942,96,3,2024-12-31 10:11:21,2025-03-11 15:46:26,payment_failed,2024-12-31 10:11:21,2025-03-11 15:46:26
908,467,355,2,2023-12-04 19:48:27,2025-03-26 13:51:18,owner_request,2023-12-04 19:48:27,2025-03-26 13:51:18
613,673,247,1,2025-01-13 17:57:07,,,2025-01-13 17:57:07,
528,1774,214,3,2025-04-01 19:03:55,2025-05-09 11:13:05,inactive,2025-04-01 19:03:55,2025-05-09 11:13:05
679,1787,266,1,2022-11-21 21:48:31,,,2022-11-21 21:48:31,
909,1153,355,1,2022-11-13 11:25:56,,,2022-11-13 11:25:56,
127,554,53,1,2024-08-27 06:44:45,,,2024-08-27 06:44:45,
670,301,263,1,2025-04-24 14:03:18,,,2025-04-24 14:03:18,
384,635,158,1,2024-05-29 16:56:39,2024-08-13 07:39:43,,2024-05-29 16:56:39,2024-08-13 07:39:43
40,1379,18,2,2025-01-12 20:40:01,2025-03-29 13:23:30,,2025-01-12 20:40:01,2025-03-29 13:23:30
141,46,58,5,2025-04-14 16:02:58,,,2025-04-14 16:02:58,
902,744,353,1,2025-04-13 02:29:32,,,2025-04-13 02:29:32,
964,705,376,1,2021-11-30 18:06:54,,,2021-11-30 18:06:54,
999,705,388,2,2025-01-14 10:02:25,2025-05-14 03:22:51,,2025-01-14 10:02:25,2025-05-14 03:22:51
129,894,54,1,2025-05-14 05:41:07,,,2025-05-14 05:41:07,
292,1476,117,7,2024-08-15 19:35:48,2024-10-03 03:53:10,inactive,2024-08-15 19:35:48,2024-10-03 03:53:10
1049,1770,493,1,2024-07-22 17:23:18,,,2024-07-22 17:23:18,
5,448,4,5,2025-03-20 04:19:44,,,2025-03-20 04:19:44,
326,1118,134,5,2025-01-01 05:45:37,,,2025-01-01 05:45:37,
558,1604,228,1,2025-03-05 00:17:41,,,2025-03-05 00:17:41,
94,116,43,2,2023-11-06 13:55:59,2024-03-12 10:51:08,inactive,2023-11-06 13:55:59,2024-03-12 10:51:08
626,1131,249,1,2022-01-18 18:49:12,,,2022-01-18 18:49:12,
356,991,146,2,2023-10-28 06:34:26,2025-01-23 15:05:09,owner_request,2023-10-28 06:34:26,2025-01-23 15:05:09
147,891,61,2,2024-08-14 14:50:18,2024-08-21 20:38:12,owner_request,2024-08-14 14:50:18,2024-08-21 20:38:12
763,448,299,2,2024-02-28 01:09:23,,owner_request,2024-02-28 01:09:23,
27,869,14,1,2024-10-09 18:45:07,,,2024-10-09 18:45:07,
165,847,66,1,2024-12-20 00:02:40,,,2024-12-20 00:02:40,
210,1092,82,3,2023-11-29 21:45:57,2024-02-15 10:19:36,voluntary,2023-11-29 21:45:57,2024-02-15 10:19:36
462,844,187,6,2025-01-04 14:49:58,2025-02-24 03:30:36,fraud,2025-01-04 14:49:58,2025-02-24 03:30:36
182,1399,72,2,2024-01-06 03:58:04,2024-12-18 23:58:30,,2024-01-06 03:58:04,2024-12-18 23:58:30
742,551,289,7,2024-02-15 15:20:03,2024-02-21 06:32:34,fraud,2024-02-15 15:20:03,2024-02-21 06:32:34
1056,1169,412,1,2024-05-13 01:30:55,,,2024-05-13 01:30:55,
794,62,315,1,2024-07-03 18:05:24,,,2024-07-03 18:05:24,
650,128,258,1,2025-01-06 00:55:25,,,2025-01-06 00:55:25,
440,1408,178,1,2025-02-21 14:45:46,,,2025-02-21 14:45:46,
690,1261,269,3,2025-02-10 04:40:24,2025-03-14 09:11:14,voluntary,2025-02-10 04:40:24,2025-03-14 09:11:14
646,1574,257,2,2023-07-29 10:09:18,2025-01-01 12:12:15,owner_request,2023-07-29 10:09:18,2025-01-01 12:12:15
4,500,4,4,2024-02-27 12:18:29,,,2024-02-27 12:18:29,
967,1720,377,5,2023-07-14 23:56:28,,,2023-07-14 23:56:28,
352,1698,146,3,2025-04-01 12:44:48,2025-05-03 21:27:51,,2025-04-01 12:44:48,2025-05-03 21:27:51
399,922,164,0,2025-03-29 04:04:16,,,2025-03-29 04:04:16,
357,847,147,1,2023-07-02 03:50:48,,,2023-07-02 03:50:48,
643,1344,256,1,2022-11-06 23:10:02,,,2022-11-06 23:10:02,
167,1979,67,5,2024-10-20 00:55:04,,,2024-10-20 00:55:04,
733,1444,287,1,2024-04-12 15:01:22,,,2024-04-12 15:01:22,
804,945,317,0,2024-04-30 10:18:00,,,2024-04-30 10:18:00,
146,1017,87,4,2025-04-22 14:06:33,,,2025-04-22 14:06:33,
674,775,264,7,2023-12-30 05:52:33,2025-03-22 14:11:41,,2023-12-30 05:52:33,2025-03-22 14:11:41
381,1890,157,7,2023-04-11 22:18:19,2023-11-02 13:07:41,inactive,2023-04-11 22:18:19,2023-11-02 13:07:41
401,1976,164,6,2024-10-16 22:41:46,2025-02-19 06:36:28,,2024-10-16 22:41:46,2025-02-19 06:36:28
718,1972,280,1,2024-03-01 16:31:29,,,2024-03-01 16:31:29,
991,1457,385,0,2025-03-09 16:08:58,,,2025-03-09 16:08:58,
131,1271,54,2,2024-05-07 09:15:51,2025-01-29 05:02:31,voluntary,2024-05-07 09:15:51,2025-01-29 05:02:31
828,1231,327,2,2024-08-09 16:19:10,2024-10-02 03:28:01,payment_failed,2024-08-09 16:19:10,2024-10-02 03:28:01
208,1808,82,1,2025-02-01 13:27:39,,,2025-02-01 13:27:39,
160,866,64,1,2022-08-24 06:03:06,,,2022-08-24 06:03:06,
361,529,148,2,2025-03-02 09:18:11,2025-04-05 06:14:24,,2025-03-02 09:18:11,2025-04-05 06:14:24
125,1625,53,4,2024-04-09 18:27:26,,,2024-04-09 18:27:26,
55,404,25,6,2021-10-20 07:03:18,2024-08-29 09:26:39,fraud,2021-10-20 07:03:18,2024-08-29 09:26:39
423,617,172,3,2025-01-22 03:48:26,2025-03-09 00:56:26,fraud,2025-01-22 03:48:26,2025-03-09 00:56:26
156,45,63,5,2024-01-22 13:02:13,,,2024-01-22 13:02:13,
342,1568,141,1,2021-05-12 17:43:57,,,2021-05-12 17:43:57,
935,882,364,6,2025-03-08 21:24:08,2025-03-20 18:54:27,,2025-03-08 21:24:08,2025-03-20 18:54:27
800,1525,316,1,2021-05-11 18:33:50,,,2021-05-11 18:33:50,
989,244,384,1,2025-01-18 04:10:24,,,2025-01-18 04:10:24,
1043,750,399,1,2024-09-10 07:03:04,,,2024-09-10 07:03:04,
35,741,17,1,2023-09-02 04:56:22,,,2023-09-02 04:56:22,
752,1749,294,1,2025-02-09 06:20:53,,,2025-02-09 06:20:53,
201,1993,79,1,2024-11-23 01:51:21,,,2024-11-23 01:51:21,
1045,49,400,3,2025-02-21 16:48:24,2025-04-20 12:33:45,payment_failed,2025-02-21 16:48:24,2025-04-20 12:33:45
772,1705,304,2,2024-11-17 00:34:30,2025-03-11 22:06:40,owner_request,2024-11-17 00:34:30,2025-03-11 22:06:40
586,951,237,0,2020-08-03 17:11:20,,,2020-08-03 17:11:20,
316,440,126,1,2024-06-02 00:44:00,,,2024-06-02 00:44:00,
573,1970,233,4,2024-11-13 00:08:42,,,2024-11-13 00:08:42,
562,483,230,1,2025-02-06 21:32:29,,,2025-02-06 21:32:29,
551,302,224,4,2022-07-20 12:41:00,,,2022-07-20 12:41:00,
43,505,19,2,2025-04-06 23:28:01,2025-04-14 07:25:55,,2025-04-06 23:28:01,2025-04-14 07:25:55
635,386,254,7,2022-05-20 04:53:52,2023-06-05 20:01:49,owner_request,2022-05-20 04:53:52,2023-06-05 20:01:49
261,768,104,1,2024-12-17 15:59:03,,,2024-12-17 15:59:03,
688,1340,268,2,2023-04-06 00:33:58,2025-01-20 23:35:43,owner_request,2023-04-06 00:33:58,2025-01-20 23:35:43
502,1353,205,2,2024-09-04 04:15:53,2025-03-27 16:13:32,payment_failed,2024-09-04 04:15:53,2025-03-27 16:13:32
624,1518,249,2,2021-12-22 01:12:18,2024-07-20 09:24:24,,2021-12-22 01:12:18,2024-07-20 09:24:24
325,1340,132,3,2023-09-28 16:57:01,2023-11-18 17:19:20,,2023-09-28 16:57:01,2023-11-18 17:19:20
518,75,210,2,2024-06-22 16:51:27,2024-08-27 19:26:02,voluntary,2024-06-22 16:51:27,2024-08-27 19:26:02
994,1618,385,2,2025-04-13 19:25:58,2025-04-26 16:27:31,,2025-04-13 19:25:58,2025-04-26 16:27:31
428,126,174,1,2025-01-22 03:52:17,,,2025-01-22 03:52:17,
83,729,38,3,2024-12-27 23:10:27,2025-04-14 07:50:14,inactive,2024-12-27 23:10:27,2025-04-14 07:50:14
245,1251,99,1,2023-10-04 03:21:16,,,2023-10-04 03:21:16,
256,1336,102,1,2025-05-28 12:57:06,,,2025-05-28 12:57:06,
389,729,161,1,2023-11-30 03:27:26,,,2023-11-30 03:27:26,
244,611,99,6,2024-12-15 15:41:25,2025-03-07 16:14:30,fraud,2024-12-15 15:41:25,2025-03-07 16:14:30
506,529,206,0,2024-10-21 12:11:43,,,2024-10-21 12:11:43,
910,1357,355,1,2024-03-01 08:35:26,,,2024-03-01 08:35:26,
846,692,334,1,2025-02-05 20:04:59,,,2025-02-05 20:04:59,
119,1272,50,2,2024-10-26 15:57:18,2024-11-20 21:22:00,payment_failed,2024-10-26 15:57:18,2024-11-20 21:22:00
1041,1546,399,6,2023-02-12 13:14:38,2024-01-02 13:26:17,,2023-02-12 13:14:38,2024-01-02 13:26:17
713,1705,278,1,2022-12-30 12:07:29,,,2022-12-30 12:07:29,
614,433,247,3,2024-08-30 18:34:37,2025-03-28 21:05:30,inactive,2024-08-30 18:34:37,2025-03-28 21:05:30
8,166,26,3,2023-03-16 22:36:20,2023-08-18 20:33:14,,2023-03-16 22:36:20,2023-08-18 20:33:14
253,1063,208,1,2025-02-10 04:13:31,,,2025-02-10 04:13:31,
187,1315,74,1,2021-01-16 05:19:46,,,2021-01-16 05:19:46,
478,644,194,1,2024-06-02 22:46:20,,,2024-06-02 22:46:20,
946,1483,369,0,2023-06-25 12:03:44,,,2023-06-25 12:03:44,
620,826,248,6,2024-10-05 15:08:21,2024-12-10 18:58:32,,2024-10-05 15:08:21,2024-12-10 18:58:32
788,1388,314,1,2025-04-10 21:14:13,,,2025-04-10 21:14:13,
840,703,333,2,2024-02-01 07:36:28,2024-02-10 14:56:48,voluntary,2024-02-01 07:36:28,2024-02-10 14:56:48
905,965,354,5,2021-05-23 21:26:24,,,2021-05-23 21:26:24,
284,1000,114,1,2024-12-03 07:29:45,,,2024-12-03 07:29:45,
660,1912,260,1,2021-12-31 14:10:53,,,2021-12-31 14:10:53,
328,793,135,3,2023-06-05 19:11:13,2025-02-12 22:49:05,fraud,2023-06-05 19:11:13,2025-02-12 22:49:05
975,1559,381,1,2025-05-12 22:09:19,,,2025-05-12 22:09:19,
215,1503,85,0,2021-12-07 07:17:24,,,2021-12-07 07:17:24,
461,1226,186,1,2024-02-11 17:45:29,,,2024-02-11 17:45:29,
987,129,384,1,2024-12-24 22:22:59,,,2024-12-24 22:22:59,
516,405,210,5,2024-04-24 15:18:42,,,2024-04-24 15:18:42,
254,1159,102,1,2025-03-05 12:09:37,,,2025-03-05 12:09:37,
228,86,92,2,2025-04-23 20:54:41,2025-05-06 08:32:33,,2025-04-23 20:54:41,2025-05-06 08:32:33
11,708,6,2,2024-09-25 05:37:49,,payment_failed,2024-09-25 05:37:49,
197,1935,78,4,2023-07-21 09:06:39,,,2023-07-21 09:06:39,
512,77,207,6,2024-03-27 05:32:24,2024-04-12 18:56:32,voluntary,2024-03-27 05:32:24,2024-04-12 18:56:32
269,285,108,6,2023-08-10 18:00:42,2024-06-05 18:44:36,payment_failed,2023-08-10 18:00:42,2024-06-05 18:44:36
530,800,215,6,2024-10-25 18:16:56,2025-04-10 22:05:51,voluntary,2024-10-25 18:16:56,2025-04-10 22:05:51
915,197,358,1,2025-05-05 08:44:34,,,2025-05-05 08:44:34,
301,1218,119,0,2025-02-10 07:18:54,,,2025-02-10 07:18:54,
717,1917,280,7,2024-01-29 08:12:50,2024-07-12 19:21:29,fraud,2024-01-29 08:12:50,2024-07-12 19:21:29
537,1195,216,1,2024-12-16 11:52:43,,,2024-12-16 11:52:43,
206,1204,81,1,2021-05-10 22:12:52,,,2021-05-10 22:12:52,
965,13,377,1,2024-07-19 00:02:24,,,2024-07-19 00:02:24,
454,1835,184,3,2024-06-04 11:21:57,2024-11-01 07:58:10,payment_failed,2024-06-04 11:21:57,2024-11-01 07:58:10
948,1942,370,2,2022-07-28 15:14:00,2023-06-10 13:10:58,,2022-07-28 15:14:00,2023-06-10 13:10:58
1030,1772,397,1,2025-01-21 08:59:38,,,2025-01-21 08:59:38,
42,1032,19,1,2025-04-24 20:41:29,,,2025-04-24 20:41:29,
267,1512,108,1,2023-05-30 02:24:33,,,2023-05-30 02:24:33,
907,667,354,2,2023-08-06 02:38:50,2024-06-12 03:24:30,payment_failed,2023-08-06 02:38:50,2024-06-12 03:24:30
858,1577,338,2,2025-02-09 19:32:14,2025-05-26 22:58:17,,2025-02-09 19:32:14,2025-05-26 22:58:17
120,615,51,7,2024-05-17 10:59:22,2025-02-07 05:50:50,,2024-05-17 10:59:22,2025-02-07 05:50:50
319,898,369,2,2022-03-28 14:18:19,,fraud,2022-03-28 14:18:19,
757,60,296,3,2022-07-21 22:37:23,2024-05-09 10:10:36,payment_failed,2022-07-21 22:37:23,2024-05-09 10:10:36
404,1194,165,1,2024-11-26 12:37:17,,,2024-11-26 12:37:17,
982,1293,382,3,2025-03-13 06:06:23,2025-04-29 03:51:00,,2025-03-13 06:06:23,2025-04-29 03:51:00
799,1357,316,7,2025-02-14 20:40:44,2025-05-23 16:41:23,,2025-02-14 20:40:44,2025-05-23 16:41:23
66,1114,29,6,2022-04-27 14:57:58,2023-11-26 21:38:56,owner_request,2022-04-27 14:57:58,2023-11-26 21:38:56
579,188,235,3,2024-03-04 22:49:16,2024-03-19 04:20:15,owner_request,2024-03-04 22:49:16,2024-03-19 04:20:15
997,190,386,2,2023-10-24 22:28:48,2025-01-06 10:40:47,,2023-10-24 22:28:48,2025-01-06 10:40:47
12,687,6,7,2024-04-10 16:19:44,2024-07-05 01:44:04,owner_request,2024-04-10 16:19:44,2024-07-05 01:44:04
505,932,206,0,2023-04-04 21:40:23,,,2023-04-04 21:40:23,
1014,1255,392,1,2024-10-17 21:44:24,,,2024-10-17 21:44:24,
745,1759,291,5,2024-11-03 18:19:26,,,2024-11-03 18:19:26,
1050,1948,451,1,2024-02-07 18:25:28,,,2024-02-07 18:25:28,
446,886,180,1,2024-08-05 21:21:09,,,2024-08-05 21:21:09,
500,1370,204,1,2022-06-27 21:20:24,,,2022-06-27 21:20:24,
1028,286,396,5,2023-07-23 09:33:42,,,2023-07-23 09:33:42,
498,213,204,6,2022-12-13 15:39:13,2025-05-05 06:03:51,,2022-12-13 15:39:13,2025-05-05 06:03:51
248,325,100,3,2023-12-06 10:07:04,2024-12-19 21:15:04,owner_request,2023-12-06 10:07:04,2024-12-19 21:15:04
1044,633,400,2,2024-03-02 15:06:31,2024-04-28 07:26:16,inactive,2024-03-02 15:06:31,2024-04-28 07:26:16
980,793,382,4,2022-06-09 01:49:15,,,2022-06-09 01:49:15,
103,652,47,1,2023-10-12 10:38:20,,,2023-10-12 10:38:20,
673,1056,264,4,2023-05-15 01:56:00,,,2023-05-15 01:56:00,
297,1224,119,6,2024-12-27 18:08:04,2025-02-26 10:57:39,owner_request,2024-12-27 18:08:04,2025-02-26 10:57:39
520,478,210,3,2025-04-19 17:20:17,2025-05-04 10:24:10,,2025-04-19 17:20:17,2025-05-04 10:24:10
587,57,238,1,2021-08-04 08:16:28,,,2021-08-04 08:16:28,
645,105,257,7,2021-10-26 01:27:25,2022-09-20 18:33:38,,2021-10-26 01:27:25,2022-09-20 18:33:38
597,1131,240,1,2025-03-17 01:07:39,,,2025-03-17 01:07:39,
363,139,148,2,2024-12-29 13:45:40,,,2024-12-29 13:45:40,
945,1245,369,4,2024-04-22 16:33:30,,,2024-04-22 16:33:30,
959,1259,375,6,2025-01-31 05:45:23,2025-03-10 05:37:51,voluntary,2025-01-31 05:45:23,2025-03-10 05:37:51
491,65,201,1,2025-05-25 08:13:49,,,2025-05-25 08:13:49,
189,113,74,1,2023-06-26 03:15:06,,,2023-06-26 03:15:06,
128,472,53,1,2024-04-15 16:46:40,,,2024-04-15 16:46:40,
796,525,315,2,2025-05-16 01:17:52,2025-05-25 12:58:44,owner_request,2025-05-16 01:17:52,2025-05-25 12:58:44
570,1496,233,1,2024-11-08 18:24:07,,,2024-11-08 18:24:07,
1007,613,390,3,2024-12-07 23:38:21,2025-05-17 17:26:47,inactive,2024-12-07 23:38:21,2025-05-17 17:26:47
96,1393,44,6,2023-10-11 12:45:10,2024-12-10 07:10:18,,2023-10-11 12:45:10,2024-12-10 07:10:18
398,317,164,3,2024-08-14 07:31:11,2024-12-29 08:08:55,payment_failed,2024-08-14 07:31:11,2024-12-29 08:08:55
721,981,280,1,2024-03-04 18:11:30,,,2024-03-04 18:11:30,
957,884,375,5,2022-09-13 07:47:46,,,2022-09-13 07:47:46,
184,1047,73,3,2024-01-25 08:55:19,2024-08-30 08:52:50,,2024-01-25 08:55:19,2024-08-30 08:52:50
937,1432,366,7,2024-08-29 12:41:07,2025-03-31 14:41:58,,2024-08-29 12:41:07,2025-03-31 14:41:58
161,826,64,4,2023-11-22 11:18:12,,,2023-11-22 11:18:12,
121,1762,52,3,2022-07-30 13:11:31,2022-11-17 05:19:05,voluntary,2022-07-30 13:11:31,2022-11-17 05:19:05
1022,591,395,5,2025-04-04 19:22:59,,,2025-04-04 19:22:59,
541,168,219,6,2023-06-09 08:35:55,2025-04-03 18:42:11,payment_failed,2023-06-09 08:35:55,2025-04-03 18:42:11
701,1972,275,6,2021-03-03 11:13:41,2023-05-17 06:34:57,owner_request,2021-03-03 11:13:41,2023-05-17 06:34:57
636,676,255,0,2025-05-13 15:43:55,,,2025-05-13 15:43:55,
86,1222,40,7,2023-07-02 17:10:05,2024-04-12 09:39:30,,2023-07-02 17:10:05,2024-04-12 09:39:30
480,927,195,2,2024-04-08 04:51:17,2024-05-21 10:55:54,voluntary,2024-04-08 04:51:17,2024-05-21 10:55:54
60,214,27,1,2023-09-07 06:41:57,2024-06-21 16:30:04,,2023-09-07 06:41:57,2024-06-21 16:30:04
746,115,291,1,2022-07-04 02:20:40,,,2022-07-04 02:20:40,
433,477,176,1,2023-05-24 02:52:16,,,2023-05-24 02:52:16,
979,1406,381,1,2025-03-17 03:09:37,,,2025-03-17 03:09:37,
469,1015,191,1,2025-04-20 14:19:12,,,2025-04-20 14:19:12,
764,1006,300,2,2022-06-13 01:58:23,2024-05-28 22:06:52,voluntary,2022-06-13 01:58:23,2024-05-28 22:06:52
403,1426,165,7,2024-04-06 11:07:29,2024-12-03 01:42:42,payment_failed,2024-04-06 11:07:29,2024-12-03 01:42:42
1046,411,400,2,2025-04-09 08:46:32,2025-05-26 22:34:41,,2025-04-09 08:46:32,2025-05-26 22:34:41
983,1719,382,3,2023-12-21 03:23:41,2024-08-06 13:09:44,voluntary,2023-12-21 03:23:41,2024-08-06 13:09:44
838,523,332,2,2025-01-19 01:09:01,2025-04-04 05:37:24,fraud,2025-01-19 01:09:01,2025-04-04 05:37:24
72,1496,74,2,2022-01-01 07:27:08,2022-10-17 03:38:30,fraud,2022-01-01 07:27:08,2022-10-17 03:38:30
33,298,17,2,2023-08-27 15:36:32,2024-03-02 20:15:05,fraud,2023-08-27 15:36:32,2024-03-02 20:15:05
409,976,167,1,2023-03-18 23:24:08,,,2023-03-18 23:24:08,
185,1334,73,5,2025-04-27 19:31:05,,,2025-04-27 19:31:05,
1017,620,394,1,2022-06-16 10:13:52,,,2022-06-16 10:13:52,
641,1548,256,5,2022-10-19 02:20:51,,,2022-10-19 02:20:51,
669,628,263,1,2022-03-04 08:07:18,,,2022-03-04 08:07:18,
344,695,141,1,2024-06-20 21:35:41,,,2024-06-20 21:35:41,
24,1733,12,3,2021-11-15 20:28:11,2025-05-28 22:05:19,fraud,2021-11-15 20:28:11,2025-05-28 22:05:19
341,251,141,5,2020-10-30 18:42:05,,,2020-10-30 18:42:05,
212,1535,83,1,2023-08-06 12:19:20,,,2023-08-06 12:19:20,
589,606,238,1,2021-07-29 04:38:41,2025-01-20 02:14:02,,2021-07-29 04:38:41,2025-01-20 02:14:02
527,1078,214,5,2025-03-12 18:49:59,,,2025-03-12 18:49:59,
472,65,192,7,2024-04-03 22:58:41,2024-05-02 06:58:39,,2024-04-03 22:58:41,2024-05-02 06:58:39
707,18,276,5,2024-07-07 16:46:02,,,2024-07-07 16:46:02,
270,815,108,2,2025-04-05 00:48:45,,owner_request,2025-04-05 00:48:45,
897,1289,352,1,2024-09-22 06:17:34,,,2024-09-22 06:17:34,
976,1230,381,1,2025-02-28 19:28:05,,,2025-02-28 19:28:05,
447,569,180,1,2022-12-12 05:04:15,,,2022-12-12 05:04:15,
1,228,131,1,2022-09-21 01:53:53,,,2022-09-21 01:53:53,
217,1489,86,2,2025-04-21 02:13:03,2025-04-28 20:40:28,,2025-04-21 02:13:03,2025-04-28 20:40:28
251,242,100,2,2025-02-24 04:51:27,2025-04-13 01:40:36,fraud,2025-02-24 04:51:27,2025-04-13 01:40:36
263,84,105,6,2025-01-05 12:52:28,2025-04-09 15:04:04,,2025-01-05 12:52:28,2025-04-09 15:04:04
951,1562,370,1,2022-10-09 19:37:34,,,2022-10-09 19:37:34,
835,564,331,2,2025-03-18 14:37:20,2025-05-12 04:06:50,owner_request,2025-03-18 14:37:20,2025-05-12 04:06:50
23,852,11,1,2024-06-29 01:53:20,,,2024-06-29 01:53:20,
235,249,94,5,2024-12-28 21:52:43,,,2024-12-28 21:52:43,
970,681,380,6,2025-04-24 21:25:59,2025-05-19 05:43:31,voluntary,2025-04-24 21:25:59,2025-05-19 05:43:31
789,221,314,2,2024-11-15 20:01:37,2024-12-13 01:26:24,,2024-11-15 20:01:37,2024-12-13 01:26:24
204,531,81,3,2021-07-29 05:54:01,2025-01-17 12:37:33,payment_failed,2021-07-29 05:54:01,2025-01-17 12:37:33
468,492,191,3,2025-04-11 19:33:45,2025-05-28 14:57:44,,2025-04-11 19:33:45,2025-05-28 14:57:44
634,1657,254,1,2022-04-17 22:25:33,,,2022-04-17 22:25:33,
566,1702,232,7,2024-02-01 04:17:14,2025-04-25 19:11:16,owner_request,2024-02-01 04:17:14,2025-04-25 19:11:16
475,578,193,2,2024-05-20 03:19:15,,,2024-05-20 03:19:15,
460,455,186,4,2021-05-18 20:07:27,,,2021-05-18 20:07:27,
591,333,239,1,2023-11-15 22:48:10,,,2023-11-15 22:48:10,
262,535,105,1,2024-04-14 12:25:25,2024-10-21 20:27:24,,2024-04-14 12:25:25,2024-10-21 20:27:24
978,769,381,1,2025-05-07 03:15:52,,,2025-05-07 03:15:52,
299,1579,119,6,2025-04-25 20:36:50,2025-05-16 10:51:59,fraud,2025-04-25 20:36:50,2025-05-16 10:51:59
391,599,162,2,2025-02-24 05:56:31,,,2025-02-24 05:56:31,
1052,1678,433,1,2024-11-16 14:23:25,,,2024-11-16 14:23:25,
327,1027,134,5,2024-11-10 08:19:00,,,2024-11-10 08:19:00,
595,1221,239,0,2024-02-25 14:16:05,,,2024-02-25 14:16:05,
683,1169,267,1,2024-08-10 20:27:11,,,2024-08-10 20:27:11,
111,1506,49,1,2023-08-22 17:18:18,,,2023-08-22 17:18:18,
898,1085,352,2,2024-05-09 02:44:14,2024-08-19 06:45:51,,2024-05-09 02:44:14,2024-08-19 06:45:51
482,210,196,1,2022-05-28 16:22:15,,,2022-05-28 16:22:15,
46,1722,20,1,2021-02-20 23:36:31,,,2021-02-20 23:36:31,
436,323,177,1,2023-04-06 17:28:50,,,2023-04-06 17:28:50,
488,621,199,0,2022-05-19 03:04:07,,,2022-05-19 03:04:07,
960,1041,375,2,2024-08-08 02:40:25,2024-09-29 19:05:53,voluntary,2024-08-08 02:40:25,2024-09-29 19:05:53
181,1028,72,2,2025-01-27 14:50:07,2025-04-15 02:47:11,,2025-01-27 14:50:07,2025-04-15 02:47:11
22,1411,11,3,2024-06-26 04:05:39,2025-04-19 05:11:17,fraud,2024-06-26 04:05:39,2025-04-19 05:11:17
89,1456,41,2,2025-05-11 00:42:23,2025-05-25 05:38:15,voluntary,2025-05-11 00:42:23,2025-05-25 05:38:15
1038,1487,398,4,2022-10-04 02:13:19,,,2022-10-04 02:13:19,
1018,1112,394,5,2023-07-24 06:14:57,,,2023-07-24 06:14:57,
283,822,114,1,2024-10-22 00:19:14,,,2024-10-22 00:19:14,
576,920,234,2,2022-03-11 12:23:07,2022-10-11 11:12:37,inactive,2022-03-11 12:23:07,2022-10-11 11:12:37
761,295,299,1,2024-03-25 16:10:01,,,2024-03-25 16:10:01,
710,11,277,1,2024-04-23 11:21:56,,,2024-04-23 11:21:56,
54,1347,25,1,2022-08-02 22:34:47,,,2022-08-02 22:34:47,
786,1450,311,2,2023-07-29 06:36:21,2024-01-19 02:19:21,voluntary,2023-07-29 06:36:21,2024-01-19 02:19:21
148,1601,61,1,2024-04-07 06:37:34,,,2024-04-07 06:37:34,
986,658,384,5,2025-04-17 12:45:40,,,2025-04-17 12:45:40,
335,1792,140,7,2024-06-18 09:05:48,2024-11-21 07:37:09,,2024-06-18 09:05:48,2024-11-21 07:37:09
113,641,49,6,2023-10-21 00:19:22,2024-01-02 03:18:15,inactive,2023-10-21 00:19:22,2024-01-02 03:18:15
981,632,382,2,2024-05-23 03:08:04,2024-09-05 00:21:12,,2024-05-23 03:08:04,2024-09-05 00:21:12
473,1734,193,1,2024-11-28 04:17:55,,,2024-11-28 04:17:55,
619,518,248,4,2025-05-17 08:10:55,,,2025-05-17 08:10:55,
571,815,233,0,2024-12-13 06:47:44,,,2024-12-13 06:47:44,
787,1266,313,7,2024-12-09 12:57:24,2024-12-19 09:25:08,inactive,2024-12-09 12:57:24,2024-12-19 09:25:08
198,1307,79,3,2021-12-05 10:48:35,2024-01-04 00:32:08,inactive,2021-12-05 10:48:35,2024-01-04 00:32:08
485,446,198,1,2024-05-17 17:59:14,,,2024-05-17 17:59:14,
137,10,57,4,2021-07-12 18:58:29,,,2021-07-12 18:58:29,
864,1728,342,2,2025-01-13 20:57:44,2025-02-24 14:58:15,,2025-01-13 20:57:44,2025-02-24 14:58:15
1004,383,389,1,2020-12-31 20:16:27,,,2020-12-31 20:16:27,
39,1316,18,1,2024-08-25 20:35:48,,,2024-08-25 20:35:48,
748,1128,293,5,2024-09-14 10:59:51,,,2024-09-14 10:59:51,
955,1940,372,6,2022-05-19 15:38:39,2022-12-09 15:10:08,,2022-05-19 15:38:39,2022-12-09 15:10:08
985,368,382,1,2022-09-19 13:29:32,,,2022-09-19 13:29:32,
1063,75,475,1,2024-09-19 08:54:14,,,2024-09-19 08:54:14,
693,471,269,4,2025-04-23 12:24:05,,,2025-04-23 12:24:05,
266,715,107,1,2023-04-13 09:04:03,,,2023-04-13 09:04:03,
427,1314,173,1,2022-07-24 20:42:33,,,2022-07-24 20:42:33,
949,1144,370,7,2024-12-26 15:48:11,2025-03-07 15:48:37,voluntary,2024-12-26 15:48:11,2025-03-07 15:48:37
280,956,112,7,2024-11-27 04:15:26,2025-04-05 02:40:32,voluntary,2024-11-27 04:15:26,2025-04-05 02:40:32
466,1344,191,1,2025-03-18 20:51:05,,,2025-03-18 20:51:05,
394,1218,163,1,2022-10-31 13:41:06,,,2022-10-31 13:41:06,
291,1215,117,2,2025-01-17 09:48:41,2025-02-05 01:16:42,owner_request,2025-01-17 09:48:41,2025-02-05 01:16:42
203,1826,81,3,2020-11-03 19:05:26,2022-07-05 23:43:32,inactive,2020-11-03 19:05:26,2022-07-05 23:43:32
207,186,82,1,2023-11-29 06:56:55,,,2023-11-29 06:56:55,
432,406,174,5,2024-08-31 15:55:11,,,2024-08-31 15:55:11,
195,493,235,0,2022-08-20 07:18:31,,,2022-08-20 07:18:31,
631,1852,252,1,2024-04-27 10:40:00,,,2024-04-27 10:40:00,
451,87,184,0,2025-04-14 11:00:07,,,2025-04-14 11:00:07,
532,249,215,1,2024-05-18 00:28:27,2025-02-12 21:30:52,,2024-05-18 00:28:27,2025-02-12 21:30:52
903,812,353,1,2023-10-27 13:10:10,,,2023-10-27 13:10:10,
515,148,210,2,2024-10-30 00:20:25,2025-01-24 04:49:03,,2024-10-30 00:20:25,2025-01-24 04:49:03
360,692,148,6,2025-01-17 22:40:10,2025-05-30 01:05:54,voluntary,2025-01-17 22:40:10,2025-05-30 01:05:54
407,984,166,6,2024-03-22 04:27:31,2024-10-08 11:44:44,owner_request,2024-03-22 04:27:31,2024-10-08 11:44:44
142,1273,59,6,2023-06-15 20:13:16,2023-08-17 14:19:21,voluntary,2023-06-15 20:13:16,2023-08-17 14:19:21
958,1495,375,5,2023-01-21 08:06:43,,,2023-01-21 08:06:43,
990,1278,385,1,2025-03-19 23:58:37,,,2025-03-19 23:58:37,
47,22,20,0,2021-12-18 03:06:32,,,2021-12-18 03:06:32,
104,18,47,2,2024-10-13 21:27:32,2025-05-04 08:28:48,,2024-10-13 21:27:32,2025-05-04 08:28:48
1039,842,399,1,2025-05-14 18:09:07,,,2025-05-14 18:09:07,
31,575,16,5,2024-03-04 15:03:34,,,2024-03-04 15:03:34,
843,241,334,3,2025-01-06 09:51:31,2025-04-23 08:47:08,payment_failed,2025-01-06 09:51:31,2025-04-23 08:47:08
257,1622,103,1,2023-07-03 11:51:55,,,2023-07-03 11:51:55,
708,1059,276,6,2024-10-31 16:21:12,2024-12-10 06:49:32,,2024-10-31 16:21:12,2024-12-10 06:49:32
879,1555,346,7,2023-10-21 03:02:06,2024-10-13 13:01:15,,2023-10-21 03:02:06,2024-10-13 13:01:15
178,1875,71,4,2025-02-04 21:55:44,,,2025-02-04 21:55:44,
220,1712,86,4,2025-05-23 17:58:59,,,2025-05-23 17:58:59,
386,640,158,3,2024-07-27 19:51:39,2024-09-24 02:32:57,voluntary,2024-07-27 19:51:39,2024-09-24 02:32:57
724,1257,283,2,2024-04-27 23:34:59,,payment_failed,2024-04-27 23:34:59,
2,853,1,1,2025-02-21 04:34:07,,,2025-02-21 04:34:07,
351,1558,145,0,2022-09-27 03:01:28,,,2022-09-27 03:01:28,
88,1039,41,1,2024-10-21 11:46:17,,,2024-10-21 11:46:17,
956,796,372,7,2024-02-16 11:46:09,2024-11-30 08:13:20,voluntary,2024-02-16 11:46:09,2024-11-30 08:13:20
807,1594,319,1,2025-01-03 12:08:03,,,2025-01-03 12:08:03,
56,456,25,5,2024-09-06 02:19:11,,,2024-09-06 02:19:11,
211,1360,83,1,2023-08-18 01:31:50,,,2023-08-18 01:31:50,
457,1000,186,5,2022-04-15 21:23:07,,,2022-04-15 21:23:07,
222,413,89,1,2023-11-15 07:51:09,,,2023-11-15 07:51:09,
474,635,193,1,2024-08-28 03:52:39,,,2024-08-28 03:52:39,
30,1682,15,6,2024-10-06 16:00:40,2025-03-18 07:15:30,fraud,2024-10-06 16:00:40,2025-03-18 07:15:30
784,1120,311,1,2024-06-22 21:47:17,,,2024-06-22 21:47:17,
815,638,322,1,2023-12-07 16:16:48,,,2023-12-07 16:16:48,
276,621,110,2,2024-05-28 21:06:21,2025-02-27 23:31:45,payment_failed,2024-05-28 21:06:21,2025-02-27 23:31:45
698,1031,271,1,2024-10-16 16:51:15,,,2024-10-16 16:51:15,
44,992,20,4,2021-06-03 07:17:06,,,2021-06-03 07:17:06,
541,506,354,2,2021-10-22 05:11:32,2023-05-01 22:22:34,,2021-10-22 05:11:32,2023-05-01 22:22:34
743,1307,290,5,2024-01-04 10:28:38,,,2024-01-04 10:28:38,
303,389,123,2,2021-05-19 21:41:37,2025-04-03 17:52:04,,2021-05-19 21:41:37,2025-04-03 17:52:04
379,1479,156,7,2024-09-15 23:55:26,2024-11-20 13:06:10,voluntary,2024-09-15 23:55:26,2024-11-20 13:06:10
600,1114,240,1,2024-12-24 07:08:37,,,2024-12-24 07:08:37,
406,1622,166,3,2024-11-08 15:07:48,2025-02-08 03:24:07,,2024-11-08 15:07:48,2025-02-08 03:24:07
247,167,99,1,2024-02-02 20:32:16,,,2024-02-02 20:32:16,
122,548,52,3,2023-01-09 21:17:35,2023-10-09 09:44:15,voluntary,2023-01-09 21:17:35,2023-10-09 09:44:15
606,180,244,0,2023-07-25 15:15:45,,,2023-07-25 15:15:45,
723,1778,282,1,2025-05-18 02:03:26,,,2025-05-18 02:03:26,
188,1717,74,3,2024-07-23 13:07:24,2025-03-22 13:13:30,inactive,2024-07-23 13:07:24,2025-03-22 13:13:30
190,993,75,2,2023-05-03 23:05:36,2023-11-09 04:47:50,payment_failed,2023-05-03 23:05:36,2023-11-09 04:47:50
581,1414,235,0,2021-06-19 18:08:06,,,2021-06-19 18:08:06,
402,171,165,2,2024-08-17 20:16:25,2024-08-25 09:04:09,,2024-08-17 20:16:25,2024-08-25 09:04:09
371,1160,154,3,2024-04-10 06:26:49,2024-04-12 01:26:09,fraud,2024-04-10 06:26:49,2024-04-12 01:26:09
1047,193,400,1,2024-02-20 12:28:56,,,2024-02-20 12:28:56,
731,1452,286,1,2023-06-19 00:45:17,,,2023-06-19 00:45:17,
200,1994,79,6,2021-07-15 19:50:10,2023-11-23 10:28:26,fraud,2021-07-15 19:50:10,2023-11-23 10:28:26
218,1097,86,1,2024-06-26 00:32:03,,,2024-06-26 00:32:03,
531,1788,215,5,2023-01-08 04:54:13,,,2023-01-08 04:54:13,
230,675,93,5,2025-03-15 11:59:00,,,2025-03-15 11:59:00,
374,1815,155,1,2024-12-17 09:01:59,,,2024-12-17 09:01:59,
8,339,5,5,2025-04-21 15:45:58,,,2025-04-21 15:45:58,
524,1470,212,7,2024-03-18 11:54:46,2025-03-24 11:26:31,,2024-03-18 11:54:46,2025-03-24 11:26:31
481,80,196,1,2023-03-16 11:06:39,,,2023-03-16 11:06:39,
776,583,305,0,2024-01-04 17:01:28,,,2024-01-04 17:01:28,
34,1133,17,4,2022-01-03 04:15:38,,,2022-01-03 04:15:38,
872,840,344,1,2023-10-19 04:44:02,,,2023-10-19 04:44:02,
554,945,225,1,2023-10-23 17:18:02,,,2023-10-23 17:18:02,
279,830,112,1,2025-01-11 05:28:14,,,2025-01-11 05:28:14,
1011,527,391,1,2022-10-23 02:40:18,,,2022-10-23 02:40:18,
819,228,323,4,2024-09-25 11:01:45,,,2024-09-25 11:01:45,
809,1010,319,1,2022-06-02 17:14:04,,,2022-06-02 17:14:04,
441,1272,178,1,2022-12-08 15:13:15,,,2022-12-08 15:13:15,
1035,1662,397,2,2023-12-14 08:58:03,2025-02-23 05:15:59,voluntary,2023-12-14 08:58:03,2025-02-23 05:15:59
28,1891,15,2,2025-04-16 07:03:14,2025-04-19 20:58:59,fraud,2025-04-16 07:03:14,2025-04-19 20:58:59
6,1267,400,4,2024-04-23 15:48:00,,,2024-04-23 15:48:00,
332,1445,136,3,2025-03-08 23:11:32,2025-03-20 22:41:42,inactive,2025-03-08 23:11:32,2025-03-20 22:41:42
258,1134,103,2,2022-10-18 09:28:12,2025-01-03 00:44:50,,2022-10-18 09:28:12,2025-01-03 00:44:50
623,1336,248,1,2024-08-15 06:14:27,,,2024-08-15 06:14:27,
642,1856,256,1,2023-05-23 21:13:56,,,2023-05-23 21:13:56,
227,735,91,6,2024-06-27 02:39:15,2024-10-07 10:33:32,fraud,2024-06-27 02:39:15,2024-10-07 10:33:32
884,398,347,2,2023-05-14 00:48:38,2023-11-09 02:32:23,payment_failed,2023-05-14 00:48:38,2023-11-09 02:32:23
315,1553,126,2,2024-09-16 21:57:52,2024-12-28 11:36:36,,2024-09-16 21:57:52,2024-12-28 11:36:36
397,57,163,1,2024-10-21 04:58:54,,,2024-10-21 04:58:54,
1055,1288,485,1,2024-08-22 02:22:46,,,2024-08-22 02:22:46,
523,1265,212,2,2025-03-21 15:53:02,2025-04-28 00:21:44,,2025-03-21 15:53:02,2025-04-28 00:21:44
750,595,294,2,2025-04-16 13:21:35,2025-05-21 19:43:47,,2025-04-16 13:21:35,2025-05-21 19:43:47
836,950,331,0,2021-01-04 12:54:32,,,2021-01-04 12:54:32,
680,1944,266,2,2022-09-08 09:49:06,2023-11-25 12:02:06,voluntary,2022-09-08 09:49:06,2023-11-25 12:02:06
273,314,109,3,2023-09-13 18:52:41,2024-04-16 04:48:37,owner_request,2023-09-13 18:52:41,2024-04-16 04:48:37
727,936,285,5,2025-01-11 00:11:58,,,2025-01-11 00:11:58,
559,51,228,2,2025-03-24 00:35:47,2025-05-09 12:31:14,voluntary,2025-03-24 00:35:47,2025-05-09 12:31:14
6,882,4,3,2025-02-01 17:07:28,2025-05-16 17:04:14,voluntary,2025-02-01 17:07:28,2025-05-16 17:04:14
647,840,258,2,2023-12-10 21:24:39,2025-03-21 09:31:07,voluntary,2023-12-10 21:24:39,2025-03-21 09:31:07
599,1644,240,6,2025-03-13 10:19:50,2025-05-01 16:53:18,voluntary,2025-03-13 10:19:50,2025-05-01 16:53:18
171,47,68,1,2024-08-18 02:16:07,,,2024-08-18 02:16:07,
495,1503,202,5,2024-11-07 09:37:36,,,2024-11-07 09:37:36,
1016,958,394,1,2020-10-09 21:28:39,,,2020-10-09 21:28:39,
241,1825,97,1,2022-06-21 02:14:22,,,2022-06-21 02:14:22,
364,1809,149,6,2025-01-09 16:59:25,2025-04-04 23:01:54,inactive,2025-01-09 16:59:25,2025-04-04 23:01:54
778,361,306,3,2025-05-24 04:12:10,2025-05-30 20:53:25,voluntary,2025-05-24 04:12:10,2025-05-30 20:53:25
25,1559,13,1,2024-11-01 07:06:37,,,2024-11-01 07:06:37,
253,826,102,2,2025-04-19 22:56:05,,payment_failed,2025-04-19 22:56:05,
130,1663,54,1,2024-09-04 07:50:57,,,2024-09-04 07:50:57,
638,151,255,1,2024-08-18 00:54:59,,,2024-08-18 00:54:59,
719,1431,280,1,2024-01-29 15:00:25,,,2024-01-29 15:00:25,
37,1449,18,2,2024-10-02 02:38:17,2025-01-06 16:59:04,fraud,2024-10-02 02:38:17,2025-01-06 16:59:04
648,1065,258,3,2023-11-19 13:02:11,2024-05-27 05:11:18,fraud,2023-11-19 13:02:11,2024-05-27 05:11:18
320,1599,128,2,2024-03-15 05:33:11,2024-10-18 07:02:01,,2024-03-15 05:33:11,2024-10-18 07:02:01
869,1539,343,1,2025-05-31 21:41:21,,,2025-05-31 21:41:21,
252,729,100,1,2025-02-19 21:15:54,,,2025-02-19 21:15:54,
912,1653,355,2,2025-05-28 22:45:25,2025-05-30 04:28:12,fraud,2025-05-28 22:45:25,2025-05-30 04:28:12
966,1823,377,4,2024-08-17 11:07:10,,,2024-08-17 11:07:10,
859,1018,339,7,2025-01-22 11:21:50,2025-05-11 03:08:20,,2025-01-22 11:21:50,2025-05-11 03:08:20
275,1557,109,2,2022-04-22 04:18:31,2025-01-16 17:49:41,owner_request,2022-04-22 04:18:31,2025-01-16 17:49:41
238,735,96,7,2022-12-31 17:04:33,2024-09-26 19:42:46,fraud,2022-12-31 17:04:33,2024-09-26 19:42:46
740,279,289,6,2024-01-30 20:42:03,2024-10-19 08:03:49,payment_failed,2024-01-30 20:42:03,2024-10-19 08:03:49
813,1862,321,2,2024-12-20 01:34:38,2025-03-25 00:39:52,payment_failed,2024-12-20 01:34:38,2025-03-25 00:39:52
628,1336,250,5,2021-06-10 02:56:39,,,2021-06-10 02:56:39,
847,555,334,1,2025-05-08 08:09:51,,,2025-05-08 08:09:51,
353,1779,146,1,2024-06-08 14:35:48,2025-01-05 10:16:48,,2024-06-08 14:35:48,2025-01-05 10:16:48
348,1142,142,4,2023-11-18 01:30:06,,,2023-11-18 01:30:06,
79,234,37,3,2024-07-20 17:50:46,2025-05-16 19:42:54,fraud,2024-07-20 17:50:46,2025-05-16 19:42:54
747,125,292,4,2024-07-10 01:24:35,,,2024-07-10 01:24:35,
443,1851,179,1,2023-06-28 15:51:58,,,2023-06-28 15:51:58,
265,1279,107,1,2023-12-25 02:27:18,,,2023-12-25 02:27:18,
633,284,253,3,2025-02-08 03:18:54,2025-04-25 08:54:26,owner_request,2025-02-08 03:18:54,2025-04-25 08:54:26
583,1653,236,2,2022-11-22 11:36:47,2024-09-27 19:51:29,,2022-11-22 11:36:47,2024-09-27 19:51:29
823,1533,324,4,2021-09-30 15:50:54,,,2021-09-30 15:50:54,
259,170,103,5,2025-04-14 01:55:50,,,2025-04-14 01:55:50,
618,1261,247,7,2024-10-17 13:25:37,2025-02-09 23:25:41,,2024-10-17 13:25:37,2025-02-09 23:25:41
385,1038,158,2,2023-02-28 07:44:25,2023-03-30 10:30:28,owner_request,2023-02-28 07:44:25,2023-03-30 10:30:28
1059,55,449,1,2024-06-25 09:21:06,,,2024-06-25 09:21:06,
744,755,290,1,2025-02-21 20:00:19,,,2025-02-21 20:00:19,
656,231,259,5,2020-07-02 09:07:44,,,2020-07-02 09:07:44,
445,1758,180,1,2024-06-03 01:21:18,,,2024-06-03 01:21:18,
517,1908,210,1,2024-01-16 03:16:12,,,2024-01-16 03:16:12,
334,242,139,6,2024-07-21 09:16:27,2024-08-16 09:37:00,inactive,2024-07-21 09:16:27,2024-08-16 09:37:00
738,327,289,1,2022-05-02 20:30:04,,,2022-05-02 20:30:04,
264,1016,106,0,2022-09-15 19:58:38,,,2022-09-15 19:58:38,
802,946,316,0,2021-01-31 20:30:51,,,2021-01-31 20:30:51,
877,814,345,7,2024-01-02 02:52:29,2024-06-25 11:29:49,voluntary,2024-01-02 02:52:29,2024-06-25 11:29:49
812,1883,321,2,2025-01-29 16:43:39,2025-03-02 18:07:02,,2025-01-29 16:43:39,2025-03-02 18:07:02
393,1320,163,1,2022-03-23 07:53:33,,,2022-03-23 07:53:33,
593,912,239,1,2023-08-23 06:27:04,,,2023-08-23 06:27:04,
350,1203,145,3,2024-08-06 15:23:40,2025-04-23 04:22:07,,2024-08-06 15:23:40,2025-04-23 04:22:07
880,781,347,1,2023-10-02 13:09:49,,,2023-10-02 13:09:49,
768,1053,302,5,2025-01-11 11:48:33,,,2025-01-11 11:48:33,
806,443,318,1,2024-09-04 05:47:01,,,2024-09-04 05:47:01,
891,432,351,1,2025-03-04 03:52:04,,,2025-03-04 03:52:04,
424,1240,172,2,2023-02-24 13:06:44,2023-05-21 22:06:34,fraud,2023-02-24 13:06:44,2023-05-21 22:06:34
658,478,260,1,2024-09-14 14:33:10,,,2024-09-14 14:33:10,
492,1885,201,4,2024-06-23 21:24:21,,,2024-06-23 21:24:21,
844,1054,334,3,2025-03-07 07:22:07,2025-05-12 23:50:55,,2025-03-07 07:22:07,2025-05-12 23:50:55
395,1089,163,2,2023-08-20 17:21:45,,inactive,2023-08-20 17:21:45,
489,306,199,2,2023-03-12 16:08:53,2024-11-12 00:00:35,payment_failed,2023-03-12 16:08:53,2024-11-12 00:00:35
151,679,61,1,2025-02-06 04:47:00,,,2025-02-06 04:47:00,
202,1102,79,6,2022-02-02 02:06:02,2022-07-02 22:17:01,inactive,2022-02-02 02:06:02,2022-07-02 22:17:01
382,327,157,2,2024-08-06 08:20:21,2025-05-05 01:42:57,voluntary,2024-08-06 08:20:21,2025-05-05 01:42:57
170,1606,67,2,2022-07-14 11:55:24,2024-07-06 23:37:53,fraud,2022-07-14 11:55:24,2024-07-06 23:37:53
53,271,23,1,2025-01-07 10:08:47,,,2025-01-07 10:08:47,
496,1488,203,1,2025-01-05 22:18:59,,,2025-01-05 22:18:59,
889,1917,350,0,2025-04-19 00:46:15,,,2025-04-19 00:46:15,
272,1428,109,6,2023-09-09 00:28:16,2024-12-23 14:33:54,inactive,2023-09-09 00:28:16,2024-12-23 14:33:54
547,1538,223,2,2022-04-22 17:57:11,2023-12-31 10:52:10,,2022-04-22 17:57:11,2023-12-31 10:52:10
826,595,326,2,2023-03-31 16:19:13,2024-08-01 15:27:25,owner_request,2023-03-31 16:19:13,2024-08-01 15:27:25
51,832,161,1,2024-06-06 14:44:16,,,2024-06-06 14:44:16,
425,1722,172,1,2024-05-29 03:45:21,,,2024-05-29 03:45:21,
585,571,237,1,2022-09-14 13:58:39,2023-02-16 06:58:09,,2022-09-14 13:58:39,2023-02-16 06:58:09
963,1297,376,2,2021-09-05 11:26:17,2023-05-26 22:34:41,,2021-09-05 11:26:17,2023-05-26 22:34:41
760,1180,297,0,2024-09-21 12:40:54,,,2024-09-21 12:40:54,
1008,1282,390,1,2025-02-04 21:26:49,,,2025-02-04 21:26:49,
695,656,271,2,2024-09-02 05:24:00,2024-10-06 13:22:52,,2024-09-02 05:24:00,2024-10-06 13:22:52
400,977,164,1,2024-09-11 02:32:33,,,2024-09-11 02:32:33,
954,523,372,0,2023-11-29 06:03:52,,,2023-11-29 06:03:52,
687,964,268,6,2023-07-10 10:35:36,2025-03-15 11:37:21,inactive,2023-07-10 10:35:36,2025-03-15 11:37:21
70,853,30,3,2021-07-12 14:59:48,2022-04-09 02:30:13,,2021-07-12 14:59:48,2022-04-09 02:30:13
126,305,53,0,2024-05-29 03:18:59,,,2024-05-29 03:18:59,
845,953,334,7,2025-04-30 12:01:09,2025-05-05 12:32:07,payment_failed,2025-04-30 12:01:09,2025-05-05 12:32:07
817,80,322,1,2023-11-17 12:42:20,,,2023-11-17 12:42:20,
681,1186,266,3,2024-01-15 16:16:46,2025-04-23 11:04:42,fraud,2024-01-15 16:16:46,2025-04-23 11:04:42
1023,343,395,1,2024-05-31 07:52:53,,,2024-05-31 07:52:53,
853,1075,338,7,2025-04-26 11:07:19,2025-05-19 05:14:53,voluntary,2025-04-26 11:07:19,2025-05-19 05:14:53
10,1858,6,5,2022-07-02 13:23:06,,,2022-07-02 13:23:06,
832,1716,329,2,2025-02-25 00:22:19,2025-02-27 02:24:53,,2025-02-25 00:22:19,2025-02-27 02:24:53
365,1167,149,6,2025-02-26 23:29:25,2025-04-07 10:09:47,payment_failed,2025-02-26 23:29:25,2025-04-07 10:09:47
411,97,168,1,2024-09-21 03:58:33,,,2024-09-21 03:58:33,
1005,1135,389,1,2025-04-09 13:58:41,,,2025-04-09 13:58:41,
939,1068,366,1,2025-04-11 03:10:13,,,2025-04-11 03:10:13,
193,463,78,2,2025-02-06 21:28:35,2025-03-22 17:07:46,,2025-02-06 21:28:35,2025-03-22 17:07:46
616,529,247,1,2025-03-16 21:27:31,,,2025-03-16 21:27:31,
672,1057,264,1,2025-05-07 03:45:26,,,2025-05-07 03:45:26,
231,1008,93,2,2025-02-06 03:41:23,2025-05-16 06:33:39,fraud,2025-02-06 03:41:23,2025-05-16 06:33:39
1062,793,458,1,2024-03-11 11:46:12,,,2024-03-11 11:46:12,
15,386,9,4,2025-02-13 08:31:01,,,2025-02-13 08:31:01,
940,1464,366,1,2025-05-27 05:09:30,,,2025-05-27 05:09:30,
984,1019,382,1,2022-06-01 08:34:32,,,2022-06-01 08:34:32,
314,1163,126,5,2024-05-06 12:45:03,,,2024-05-06 12:45:03,
390,1691,161,1,2023-08-28 16:35:42,,,2023-08-28 16:35:42,
894,1171,351,2,2025-04-13 19:51:03,2025-05-27 05:01:23,,2025-04-13 19:51:03,2025-05-27 05:01:23
726,1656,284,3,2024-07-08 01:36:10,2025-01-15 03:54:55,voluntary,2024-07-08 01:36:10,2025-01-15 03:54:55
1051,1639,450,1,2024-10-28 21:18:34,,,2024-10-28 21:18:34,
209,458,82,1,2023-10-22 21:05:44,,,2023-10-22 21:05:44,
944,1145,369,1,2022-02-15 03:25:12,,,2022-02-15 03:25:12,
728,216,285,2,2021-11-15 02:58:38,2022-10-06 21:25:04,inactive,2021-11-15 02:58:38,2022-10-06 21:25:04
533,385,215,4,2024-03-24 09:06:41,,,2024-03-24 09:06:41,
317,200,128,3,2025-02-14 05:55:20,2025-04-21 18:35:42,voluntary,2025-02-14 05:55:20,2025-04-21 18:35:42
883,734,347,1,2023-09-05 21:26:10,,,2023-09-05 21:26:10,
777,894,305,1,2023-10-15 15:38:21,,,2023-10-15 15:38:21,
1025,1929,396,1,2025-02-06 18:35:52,,,2025-02-06 18:35:52,
730,711,286,1,2025-04-14 13:03:29,,,2025-04-14 13:03:29,
116,631,50,1,2024-05-24 10:09:57,,,2024-05-24 10:09:57,
346,1973,142,1,2023-08-14 16:53:56,,,2023-08-14 16:53:56,
399,1732,181,3,2021-01-25 23:05:41,2024-03-03 23:53:48,,2021-01-25 23:05:41,2024-03-03 23:53:48
610,1376,246,2,2024-07-19 06:44:41,2025-02-04 18:13:03,inactive,2024-07-19 06:44:41,2025-02-04 18:13:03
870,1447,343,2,2020-10-11 21:40:58,2025-02-27 11:39:16,payment_failed,2020-10-11 21:40:58,2025-02-27 11:39:16
1060,1256,474,1,2024-05-27 22:09:09,,,2024-05-27 22:09:09,
922,858,359,7,2024-10-07 22:59:20,2025-02-01 12:33:44,owner_request,2024-10-07 22:59:20,2025-02-01 12:33:44
387,1818,161,1,2024-08-03 03:03:16,,,2024-08-03 03:03:16,
362,1209,148,1,2025-05-25 18:03:59,,,2025-05-25 18:03:59,
91,1012,41,1,2025-02-06 01:51:48,,,2025-02-06 01:51:48,
236,1495,94,2,2024-12-24 20:23:35,2025-05-13 07:43:06,inactive,2024-12-24 20:23:35,2025-05-13 07:43:06
792,175,315,5,2024-04-16 13:28:40,,,2024-04-16 13:28:40,
99999,1,1,1,2024-01-01 00:00:00,,,2024-01-01 00:00:00,
